,max_Df under fixed Ci ratio,min_Df under fixed Ci ratio,diff under fixed Ci ratio
13PPDH2,54.567087936396646,-0.09035402673336179,54.65744196313001
13PPDH2_reverse,0.09035402673336179,-54.567087936396646,54.65744196313001
2DDARAA,50.346549293025014,-31.639613651670004,81.98616294469502
2DDARAA_reverse,31.639613651670004,-50.346549293025014,81.98616294469502
2DGULRGx,39.59035402673335,-15.067087936396657,54.65744196313001
2DGULRGy,52.46708793639665,-2.1903540267333668,54.65744196313002
2DGULRx,34.890354026733355,-19.767087936396656,54.65744196313001
2DGULRy,47.76708793639665,-6.8903540267333625,54.65744196313001
2DOXG6PP,78.646549293025,-3.339613651670007,81.98616294469501
2MAHMP,87.04654929302501,5.060386348329992,81.98616294469502
3AMACHYD,100.44654929302502,18.460386348329997,81.98616294469502
3HBZCT,91.146549293025,9.160386348329993,81.98616294469501
3HCINNMH,437.92451278714435,367.81508375214327,70.10942903500109
3HPPPNH,437.92451278714435,367.81508375214327,70.10942903500109
3HPADHi,86.76708793639665,32.10964597326664,54.65744196313001
3KGK,50.36708793639665,-4.290354026733361,54.65744196313001
3OXCOAT,84.35744196313001,-24.95744196313001,109.31488392626002
3SLAR,50.390354026733355,-4.267087936396656,54.65744196313001
4HTHRA,62.84654929302502,-19.139613651670004,81.98616294469502
4HTHRA_reverse,19.139613651670004,-62.84654929302502,81.98616294469502
4HTHRK,48.06708793639665,-6.590354026733362,54.65744196313001
5DGLCNR,56.76708793639665,2.1096459732666375,54.65744196313001
5DKGR,55.767087936396656,1.1096459732666446,54.65744196313001
5DKGR_reverse,-1.1096459732666446,-55.767087936396656,54.65744196313001
5DOAN,75.44654929302502,-6.539613651670006,81.98616294469502
6D6SFK,51.26708793639665,-3.3903540267333625,54.65744196313001
6D6SPA,50.74654929302501,-31.239613651670005,81.98616294469502
A5PISO,29.928720981565007,-24.728720981565004,54.65744196313001
A5PISO_reverse,24.728720981565004,-29.928720981565007,54.65744196313001
AACTOOR,176.49853636489598,51.73166536676498,124.766870998131
AAMYL,40.028720981565,-14.628720981565007,54.65744196313001
AB6PGH,31.04654929302501,-50.93961365167001,81.98616294469502
ABTA,52.708182338178005,-60.75744196313001,113.46562430130803
ABUTD,86.56708793639666,31.90964597326665,54.65744196313001
ACACCT,48.95744196313001,-60.357441963130015,109.31488392626002
ACACT1r,28.55744196313001,-80.75744196313002,109.31488392626002
ACACT1r_reverse,80.75744196313002,-28.55744196313001,109.31488392626002
ACACT2r,19.55744196313001,-89.75744196313002,109.31488392626002
ACACT2r_reverse,89.75744196313002,-19.55744196313001,109.31488392626002
ACACT3r,21.95744196313001,-87.35744196313001,109.31488392626002
ACACT3r_reverse,87.35744196313001,-21.95744196313001,109.31488392626002
ACACT4r,22.15744196313001,-87.15744196313,109.31488392626001
ACACT4r_reverse,87.15744196313,-22.15744196313001,109.31488392626001
ACACT5r,21.95744196313001,-87.35744196313001,109.31488392626002
ACACT6r,22.15744196313001,-87.15744196313,109.31488392626001
ACACT5r_reverse,87.35744196313001,-21.95744196313001,109.31488392626002
ACACT6r_reverse,87.15744196313,-22.15744196313001,109.31488392626001
ACACT7r_reverse,87.15744196313,-22.15744196313001,109.31488392626001
ACACT8r,89.45744196313001,-19.857441963130015,109.31488392626002
ACACT7r,22.15744196313001,-87.15744196313,109.31488392626001
ACACT8r_reverse,19.857441963130015,-89.45744196313001,109.31488392626002
ACALD,42.97798060650166,-39.00818233819336,81.98616294469502
ACALD_reverse,39.00818233819336,-42.97798060650166,81.98616294469502
ACANTHAT,72.85744196313001,-36.45744196313001,109.31488392626002
ACCOAC,54.719075007132744,-45.08218879952427,99.801263806657
ACCOAL,46.39580891796165,-62.91907500829837,109.31488392626002
ACGAMK,47.16708793639665,-7.490354026733364,54.65744196313001
ACGK,2.6670879363966478,-51.990354026733364,54.65744196313001
ACGAMT,50.117441963130005,-59.19744196313001,109.31488392626002
ACGS,85.15744196313001,-24.15744196313001,109.31488392626002
ACHBS,77.80818233302001,-21.993081473637005,99.80126380665702
ACKr,19.56708793639665,-35.090354026733365,54.65744196313001
ACKr_reverse,35.090354026733365,-19.56708793639665,54.65744196313001
ACLS,88.20818233302,-11.59308147363701,99.80126380665702
ACM6PH,70.646549293025,-11.339613651670007,81.98616294469501
ACOAD1f,14.657441963130012,-94.65744196313,109.31488392626001
ACNML,56.846549293025014,-25.139613651670004,81.98616294469502
ACOAD1fr,94.65744196313,-14.657441963130012,109.31488392626001
ACOAD2f_reverse,99.85744196313001,-9.457441963130009,109.31488392626002
ACOAD2f,9.457441963130009,-99.85744196313001,109.31488392626002
ACOAD3f,5.55744196313001,-103.75744196313002,109.31488392626002
ACOAD3f_reverse,103.75744196313002,-5.55744196313001,109.31488392626002
ACOAD4f,8.357441963130015,-100.95744196313001,109.31488392626002
ACOAD4f_reverse,100.95744196313001,-8.357441963130015,109.31488392626002
ACOAD5f,5.55744196313001,-103.75744196313002,109.31488392626002
ACOAD5f_reverse,103.75744196313002,-5.55744196313001,109.31488392626002
ACOAD6f,5.55744196313001,-103.75744196313002,109.31488392626002
ACOAD6f_reverse,103.75744196313002,-5.55744196313001,109.31488392626002
ACOAD7f,3.3574419631300145,-105.95744196313001,109.31488392626002
ACOAD7f_reverse,105.95744196313001,-3.3574419631300145,109.31488392626002
ACOAD8f,8.357441963130015,-100.95744196313001,109.31488392626002
ACOAD8f_reverse,100.95744196313001,-8.357441963130015,109.31488392626002
ACODA,64.24654929302501,-17.739613651670005,81.98616294469502
ACONIs_reverse,31.02872098156501,-23.628720981565007,54.65744196313001
ACONIs,23.628720981565007,-31.02872098156501,54.65744196313001
ACONTa,19.028720981565005,-35.62872098156501,54.65744196313001
ACONTa_reverse,35.62872098156501,-19.028720981565005,54.65744196313001
ACONTb,28.02872098156501,-26.628720981565007,54.65744196313001
ACONTb_reverse,26.628720981565007,-28.02872098156501,54.65744196313001
ACOTA,70.60818233817801,-42.857441963130015,113.46562430130803
ACOTA_reverse,42.857441963130015,-70.60818233817801,113.46562430130803
ACOXT_reverse,39.75744196313001,-69.55744196313,109.31488392626002
ACOXT,69.55744196313,-39.75744196313001,109.31488392626002
ACP1_FMN,95.34654929302502,13.360386348329996,81.98616294469502
ACS,66.89580891796166,-42.419075008298364,109.31488392626002
ADA,84.94654929302502,2.9603863483299975,81.98616294469502
ADCL,128.846549293025,46.86038634832999,81.986162944695
ADCS,71.05744196313,-38.25744196313001,109.31488392626002
ADK1,7.638366954831643,7.638366954831643,0.0
ADD,84.04654929302501,2.060386348329992,81.98616294469502
ADK1_reverse,-7.638366954831643,-7.638366954831643,0.0
ADK3,27.408720981565004,-27.248720981565008,54.65744196313001
ADK3_reverse,27.248720981565008,-27.408720981565004,54.65744196313001
ADK4,33.60872098156501,-21.048720981565005,54.65744196313001
ADK4_reverse,21.048720981565005,-33.60872098156501,54.65744196313001
ADMDC,88.297289662915,15.824746837822993,72.472542825092
ADNCYC,59.646549293025004,-16.401246696838356,76.04779598986336
ADNK1,47.96708793639666,-0.7519870719017163,48.719075008298375
ADNUC,69.54654929302501,-12.439613651670005,81.98616294469501
ADPRDP,86.94654929302502,10.89875330316164,76.04779598986337
ADPT,73.55744196313,-29.81907500829837,103.37651697142837
ADSK,49.56708793639665,-5.090354026733358,54.65744196313001
ADSL1r,54.54654929302501,-21.501246696838358,76.04779598986337
ADSL1r_reverse,21.501246696838358,-54.54654929302501,76.04779598986337
ADSL2r,52.446549293025015,-29.539613651670006,81.98616294469502
ADSL2r_reverse,29.539613651670006,-52.446549293025015,81.98616294469502
ADSS,75.48616294469502,-88.48616294469502,163.97232588939005
AGDC,72.34654929302502,-9.639613651670004,81.98616294469502
AGM3PH,78.54654929302501,-3.4396136516700047,81.98616294469501
AGM4PH,78.54654929302501,-3.4396136516700047,81.98616294469501
AGMHE,27.328720981565006,-27.328720981565006,54.65744196313001
AGMT,122.44654929302502,40.46038634833,81.98616294469502
AGPR,6.701246696838361,-75.28491624785666,81.98616294469502
AGPR_reverse,75.28491624785666,-6.701246696838361,81.98616294469502
AHCYSNS,79.54654929302501,-2.4396136516700047,81.98616294469501
AHGDx,3.667087936396655,-55.14109440178136,58.808182338178014
AHGDx_reverse,55.14109440178136,-3.667087936396655,58.808182338178014
AI2K,60.76708793639664,6.1096459732666375,54.657441963130005
AICART,46.45744196313001,-62.857441963130015,109.31488392626002
AICART_reverse,62.857441963130015,-46.45744196313001,109.31488392626002
AIRC2,110.81907500713274,11.017811200475727,99.801263806657
AIRC3,65.42872098156501,10.771279018434996,54.65744196313001
AIRC3_reverse,65.42872098156501,10.771279018434996,54.65744196313001
AKGDH,96.09728966289967,-7.854714518805348,103.95200418170502
ALAALAD,66.846549293025,-15.139613651670004,81.98616294469501
ALAALAr,86.99580891796165,-22.31907500829837,109.31488392626002
ALAALAr_reverse,22.31907500829837,-86.99580891796165,109.31488392626002
ALAGLUE_reverse,26.728720981565004,-27.928720981565007,54.65744196313001
ALAGLUE,27.928720981565007,-26.728720981565004,54.65744196313001
ALAR,27.328720981565006,-27.328720981565006,54.65744196313001
ALAR_reverse,27.328720981565006,-27.328720981565006,54.65744196313001
ALATA_D2,53.15744196313001,-56.15744196313001,109.31488392626002
ALATA_L,59.00818233817802,-54.45744196313001,113.46562430130803
ALATA_L_reverse,54.45744196313001,-59.00818233817802,113.46562430130803
ALATA_L2,53.56744196313001,-55.747441963130015,109.31488392626002
ALCD19,58.090354026733365,3.4329120636033466,54.65744196313002
ALCD19_reverse,-3.4329120636033466,-58.090354026733365,54.65744196313002
ALCD2x,14.467087936396656,-40.19035402673336,54.65744196313001
ALCD2x_reverse,40.19035402673336,-14.467087936396656,54.65744196313001
ALDD19xr,68.66708793639665,14.009645973266643,54.65744196313001
ALDD3y,69.79035402673335,15.13291206360335,54.657441963130005
ALDD2y,73.09035402673337,18.432912063603354,54.65744196313001
ALDD19xr_reverse,-19.709645973266646,-74.36708793639667,54.657441963130026
ALDD4,75.06708793639666,20.40964597326665,54.65744196313001
ALLPI,26.728720981565004,-27.928720981565007,54.65744196313001
ALKP,77.04654929302501,-4.939613651670005,81.98616294469501
ALLK,44.66708793639665,-9.990354026733364,54.65744196313001
ALLPI_reverse,27.928720981565007,-26.728720981565004,54.65744196313001
ALLTAMH2,92.61511797437501,-7.186145832282001,99.801263806657
ALLULPE,31.228720981565004,-23.428720981565007,54.65744196313001
ALLTN,81.02872098156502,26.371279018434997,54.65744196313002
ALLULPE_reverse,23.428720981565007,-31.228720981565004,54.65744196313001
ALR2,51.86708793639665,-2.790354026733361,54.65744196313001
ALR2x,38.99035402673336,-15.667087936396655,54.65744196313001
ALR4x,41.99035402673336,-12.667087936396655,54.65744196313001
ALTRH,64.728720981565,10.071279018434993,54.65744196313001
AM3PA,64.84654929302502,-17.139613651670004,81.98616294469502
AM4PA,64.84654929302502,-17.139613651670004,81.98616294469502
AMALT1,55.82744196313001,-53.48744196313001,109.31488392626002
AMALT2,55.857441963130015,-53.45744196313001,109.31488392626002
AMALT3,55.857441963130015,-53.45744196313001,109.31488392626002
AMALT4,55.857441963130015,-53.45744196313001,109.31488392626002
AMANAPEr,29.528720981565005,-25.128720981565003,54.65744196313001
AMANAPEr_reverse,25.128720981565003,-29.528720981565005,54.65744196313001
AMAOTr,55.95744196313001,-53.357441963130015,109.31488392626002
AMANK,48.76708793639665,-5.8903540267333625,54.65744196313001
AMAOTr_reverse,53.357441963130015,-55.95744196313001,109.31488392626002
AMPMS2,347.1027445593167,237.78786063305668,109.31488392626002
AMPN,76.50818233819336,0.4603863483299939,76.04779598986337
AMPTASECG,58.146549293025004,-23.839613651670007,81.98616294469501
AMPTASEPG,66.84654929302502,-15.139613651670004,81.98616294469502
ANHMK,30.76708793639665,-23.890354026733363,54.65744196313001
ANPRT,110.95744196313001,1.6425580368699855,109.31488392626002
AOBUTDs,84.69728966291501,12.224746837822998,72.472542825092
ANS,172.57527027459,35.93166536676499,136.64360490782502
AP4AH,104.84654929302502,34.73712025799329,70.10942903503172
AP4AS,55.81744196313001,-41.620708053466714,97.43815001659672
AP5AH,98.90818233819337,28.79875330316164,70.10942903503172
APH120,113.44654929302502,31.460386348329997,81.98616294469502
APH140,113.44654929302502,31.460386348329997,81.98616294469502
APH141,113.44654929302502,31.460386348329997,81.98616294469502
APH160,113.44654929302502,31.460386348329997,81.98616294469502
APH161,113.44654929302502,31.460386348329997,81.98616294469502
APH181,113.44654929302502,31.460386348329997,81.98616294469502
APPLDHr,38.290354026733354,-16.367087936396658,54.65744196313001
APH180,113.44654929302502,31.460386348329997,81.98616294469502
APPLDHr_reverse,16.367087936396658,-38.290354026733354,54.65744196313001
APRAUR,57.86708793639665,3.209645973266639,54.65744196313001
ARABDI,22.02872098156501,-32.628720981565,54.65744196313001
ARABDI_reverse,32.628720981565,-22.02872098156501,54.65744196313001
ARAI_reverse,32.228720981565004,-22.428720981565007,54.65744196313001
ARGDC,80.99728966291502,8.524746837822995,72.47254282509203
ARAI,22.428720981565007,-32.228720981565004,54.65744196313001
ARGSL,52.24654929302501,-29.739613651670005,81.98616294469502
ARGSL_reverse,29.739613651670005,-52.24654929302501,81.98616294469502
ARGSS,63.595808917961655,-45.71907500829837,109.31488392626002
ARHGDx,8.067087936396653,-50.74109440178135,58.80818233817801
ARHGDx_reverse,50.74109440178135,-8.067087936396653,58.80818233817801
ASAD,29.20124669683836,-52.78491624785666,81.98616294469502
ASAD_reverse,52.78491624785666,-29.20124669683836,81.98616294469502
ASNN,81.146549293025,-0.8396136516700068,81.98616294469501
ASNS1,132.21363722942166,-4.429967678403365,136.64360490782502
ASNS2,83.29580891796165,-26.019075008298366,109.31488392626002
ASP1DC,86.99728966291502,14.524746837822995,72.47254282509203
ASPCT,76.35744196313001,-32.95744196313001,109.31488392626002
ASPK,14.86708793639665,-39.79035402673336,54.65744196313001
ASPK_reverse,39.79035402673336,-14.86708793639665,54.65744196313001
ASPO5,53.50744196313002,-55.80744196313001,109.31488392626002
ASPO3,75.05744196313,-34.25744196313001,109.31488392626002
ASPO4,38.95744196313001,-70.35744196313001,109.31488392626002
ASPO6,111.880708053436,14.442558036869983,97.43815001656601
ASPT,50.846549293025014,-31.139613651670004,81.98616294469502
ASPTA,55.90818233817802,-57.55744196313001,113.46562430130803
ASPTA_reverse,57.55744196313001,-55.90818233817802,113.46562430130803
ASR,170.868334633235,34.22472972540998,136.64360490782502
ATHRDHr,5.8903540267333625,-48.76708793639665,54.65744196313001
AST,74.05744196313,-35.25744196313001,109.31488392626002
ATHRDHr_reverse,48.76708793639665,-5.8903540267333625,54.65744196313001
ATPHs,119.746549293025,43.698753303161645,76.04779598986335
ATPM,71.85619526629165,44.527474284726644,27.328720981565006
BETALDHx,74.76708793639665,20.109645973266637,54.65744196313001
BETALDHy,61.89035402673336,7.232912063603351,54.65744196313001
BGLA1,83.94654929302502,1.9603863483299975,81.98616294469502
BPNT,75.04654929302501,-1.0012466968383613,76.04779598986337
BUTCT,50.58744196313001,-58.72744196313002,109.31488392626002
CAT,210.33961365167,140.23018461666896,70.10942903500103
CBMD,72.99728966291502,0.5247468378229954,72.47254282509203
CBMKr,-9.486379882991358,-81.95892270808338,72.47254282509202
CBMKr_reverse,81.95892270808338,9.486379882991358,72.47254282509202
CBPS,105.47527027342439,-21.654714514797625,127.129984788222
CDPMEK,41.16708793639665,-13.490354026733364,54.65744196313001
CDPPH,90.94654929302502,8.960386348329997,81.98616294469502
CHORM,48.42872098156501,-6.228720981565004,54.65744196313001
CHOLID,29.767087936396656,-24.890354026733355,54.65744196313001
CHORS,112.84654929302502,30.86038634832999,81.98616294469502
CHRPL,152.846549293025,70.86038634833,81.986162944695
CITL,60.14654929302501,-21.839613651670007,81.98616294469502
CINNDO,387.62451278714434,317.51508375214325,70.10942903500109
CMPN,77.24654929302501,-4.739613651670005,81.98616294469502
CPPPGO,441.50001710467603,335.76038634575093,105.7396307589251
CRNCAR,24.728720981565004,-29.928720981565007,54.65744196313001
CRNCAR_reverse,29.928720981565007,-24.728720981565004,54.65744196313001
CS,92.15744196313,-17.15744196313001,109.31488392626001
CSND,91.54654929302501,9.560386348329992,81.98616294469502
CTECOAI6,27.328720981565006,-27.328720981565006,54.65744196313001
CTECOAI6_reverse,27.328720981565006,-27.328720981565006,54.65744196313001
CTECOAI7,27.328720981565006,-27.328720981565006,54.65744196313001
CTECOAI7_reverse,27.328720981565006,-27.328720981565006,54.65744196313001
CTECOAI8,27.328720981565006,-27.328720981565006,54.65744196313001
CTECOAI8_reverse,27.328720981565006,-27.328720981565006,54.65744196313001
CTPS2,113.31363722942166,-23.32996767840337,136.64360490782502
CURR,80.36708793639664,25.70964597326664,54.657441963130005
CYNTAH,110.48491624157913,38.012373416487094,72.47254282509203
CYSDDS,98.26437760448502,-11.050506321775003,109.31488392626002
CYSDS,107.66437760448503,-1.650506321775005,109.31488392626002
CYSS,103.75744196313002,-5.55744196313001,109.31488392626002
CYSTA,75.708182338178,-37.75744196313001,113.46562430130803
CYSTL,100.96437760448501,-8.350506321775004,109.31488392626001
CYTD,79.24654929302501,-2.7396136516700054,81.98616294469502
CYTDH,63.64654929302501,-18.339613651670007,81.98616294469502
CYTDK1,46.76708793639665,-7.8903540267333625,54.65744196313001
CYTDK2,65.65744196313001,-43.65744196313001,109.31488392626002
CYTK1_reverse,18.990354026733364,-35.66708793639665,54.65744196313001
CYTK1,35.66708793639665,-18.990354026733364,54.65744196313001
CYTK2,35.567087936396646,-19.090354026733365,54.65744196313001
CYTK2_reverse,19.090354026733365,-35.567087936396646,54.65744196313001
DAAD,120.57527027459,-16.06833463323501,136.64360490782502
DADA,82.54654929302501,0.5603863483299918,81.98616294469502
DADK_reverse,21.79035402673336,-32.86708793639665,54.65744196313001
DADK,32.86708793639665,-21.79035402673336,54.65744196313001
DAGK120,51.26708793639665,-3.3903540267333625,54.65744196313001
DAGK140,51.26708793639665,-3.3903540267333625,54.65744196313001
DAGK141,51.26708793639665,-3.3903540267333625,54.65744196313001
DAGK160,51.26708793639665,-3.3903540267333625,54.65744196313001
DAGK161,51.26708793639665,-3.3903540267333625,54.65744196313001
DAGK180,51.26708793639665,-3.3903540267333625,54.65744196313001
DAPAL,105.46437760448501,-3.8505063217750077,109.31488392626002
DAGK181,51.26708793639665,-3.3903540267333625,54.65744196313001
DAPDC,83.297289662915,10.824746837822993,72.472542825092
DAPE_reverse,25.628720981565007,-29.02872098156501,54.65744196313001
DATPHs,84.04654929302501,2.060386348329992,81.98616294469502
DB4PS,149.146549293025,67.16038634833001,81.986162944695
DAPE,29.02872098156501,-25.628720981565007,54.65744196313001
DBTS,43.33144842846864,-56.46981537818838,99.80126380665702
DCTPD,89.24654929302501,7.260386348329995,81.98616294469502
DCYTD,85.94654929302502,3.9603863483299975,81.98616294469502
DDGLK,56.16708793639665,1.509645973266636,54.65744196313001
DDGALK,49.36708793639665,-5.290354026733361,54.65744196313001
DDPA,123.55744196313,14.242558036869994,109.31488392626001
DDPGALA,51.64654929302501,-30.339613651670007,81.98616294469502
DDPGALA_reverse,30.339613651670007,-51.64654929302501,81.98616294469502
DGK1,32.36708793639665,-22.29035402673336,54.65744196313001
DHACOAH,28.048720981565005,-26.608720981565007,54.65744196313001
DGK1_reverse,22.29035402673336,-32.36708793639665,54.65744196313001
DHACOAH_reverse,26.608720981565007,-28.048720981565005,54.65744196313001
DHAD1,62.828720981565,8.171279018434994,54.657441963130005
DHAD2,62.828720981565,8.171279018434994,54.657441963130005
DHAPT,96.05744196313,-13.257441963130013,109.31488392626002
DHBD,62.667087936396655,8.009645973266643,54.65744196313001
DHBD_reverse,-8.009645973266643,-62.667087936396655,54.65744196313001
DHCIND,62.76708793639665,8.109645973266637,54.65744196313001
DHBSH,60.27654929302501,-21.709613651670004,81.98616294469502
DHCINDO,265.262879741976,195.15345070697498,70.10942903500103
DHFR,57.26708793639665,2.6096459732666375,54.65744196313001
DHCURR,80.36708793639664,25.70964597326664,54.657441963130005
DHDPS,131.23961365167,49.253450706974995,81.986162944695
DHDPRy,54.86708793639664,0.20964597326663892,54.657441963130005
DHFR_reverse,-2.6096459732666375,-57.26708793639665,54.65744196313001
DHMPTR,9.26708793639665,-45.39035402673336,54.65744196313001
DHNCOAS,101.728720981565,47.071279018435,54.657441963130005
DHNPA2r_reverse,29.239613651670005,-52.74654929302501,81.98616294469502
DHNCOAT,89.74654929302501,7.760386348329995,81.98616294469502
DHORD2,126.55744196313,17.242558036869994,109.31488392626001
DHORD5,90.45744196313001,-18.857441963130015,109.31488392626002
DHORDfum,105.05744196313,-4.257441963130006,109.31488392626001
DHORTS,33.828720981565006,-20.828720981565006,54.65744196313001
DHPPD,62.76708793639665,8.109645973266637,54.65744196313001
DHORTS_reverse,20.828720981565006,-33.828720981565006,54.65744196313001
DHPS2,105.25744196313002,-4.057441963130017,109.31488392626004
DHPTPE,27.328720981565006,-27.328720981565006,54.65744196313001
DHPTPE_reverse,27.328720981565006,-27.328720981565006,54.65744196313001
DHQS,195.746549293025,113.76038634833,81.986162944695
DKGLCNR1,67.06708793639665,12.409645973266635,54.65744196313001
DHQTi,32.628720981565,-22.028720981565005,54.65744196313001
DKGLCNR2y,57.067087936396646,2.4096459732666418,54.657441963130005
DMATT,128.05744196313,18.742558036869994,109.31488392626001
DKGLCNR2x,47.09035402673335,-7.567087936396657,54.65744196313001
DMPPS,87.79035402673335,33.13291206360335,54.657441963130005
DMSOR1,258.65744196313,149.34255803687,109.31488392626
DMSOR2,258.65744196313,149.34255803687,109.31488392626
DNMPPA,79.24654929302501,-2.7396136516700054,81.98616294469502
DNTPPA,109.246549293025,27.260386348329995,81.986162944695
DOGULNR,39.19035402673336,-15.467087936396656,54.65744196313001
DPCOAK,32.36708793639665,-22.29035402673336,54.65744196313001
DRPA,44.446549293025015,-37.53961365167001,81.98616294469502
DPR,50.967087936396645,-3.6903540267333668,54.65744196313001
DSERDHr,-2.1096459732666375,-56.76708793639665,54.65744196313001
DSERDHr_reverse,56.76708793639665,2.1096459732666375,54.65744196313001
DTARTD,62.628720981565,7.971279018434991,54.65744196313001
DTMPK,35.96708793639665,-18.69035402673336,54.65744196313001
DURADx,34.367087936396665,-20.290354026733354,54.65744196313002
DTMPK_reverse,18.69035402673336,-35.96708793639665,54.65744196313001
DURADx_reverse,20.290354026733354,-34.367087936396665,54.65744196313002
DURIK1,49.06708793639665,-5.590354026733362,54.65744196313001
DURIPP,51.357441963130015,-57.95744196313001,109.31488392626002
DURIPP_reverse,57.95744196313001,-51.357441963130015,109.31488392626002
DUTPDP,107.04654929302501,25.060386348329992,81.98616294469502
DXPRIi,53.66708793639665,-0.9903540267333639,54.65744196313001
DXYLTD_reverse,-14.571279018434993,-69.228720981565,54.65744196313001
DXYLTD,69.228720981565,14.571279018434993,54.65744196313001
DXPS,84.90818233302002,-14.893081473637007,99.80126380665703
DXYLK,45.56708793639665,-9.090354026733362,54.65744196313001
E4PD,80.56708793639666,25.90964597326665,54.65744196313001
E4PD_reverse,-25.90964597326665,-80.56708793639666,54.65744196313001
E4PP,81.146549293025,-0.8396136516700068,81.98616294469501
ECOAH1_reverse,31.128720981565007,-23.52872098156501,54.65744196313001
ECOAH2,26.328720981565006,-28.328720981565006,54.65744196313001
ECOAH3,26.628720981565003,-28.028720981565005,54.65744196313001
ECOAH1,23.52872098156501,-31.128720981565007,54.65744196313001
ECOAH2_reverse,28.328720981565006,-26.328720981565006,54.65744196313001
ECOAH3_reverse,28.028720981565005,-26.628720981565003,54.65744196313001
ECOAH4,26.628720981565003,-28.028720981565005,54.65744196313001
ECOAH4_reverse,28.028720981565005,-26.628720981565003,54.65744196313001
ECOAH5,26.628720981565003,-28.028720981565005,54.65744196313001
ECOAH5_reverse,28.028720981565005,-26.628720981565003,54.65744196313001
ECOAH6,26.628720981565003,-28.028720981565005,54.65744196313001
ECOAH6_reverse,28.028720981565005,-26.628720981565003,54.65744196313001
ECOAH7,26.628720981565003,-28.028720981565005,54.65744196313001
ECOAH7_reverse,28.028720981565005,-26.628720981565003,54.65744196313001
ECOAH8,26.66872098156501,-27.988720981565006,54.65744196313001
ECOAH8_reverse,27.988720981565006,-26.66872098156501,54.65744196313001
EDA,49.24654929302501,-32.739613651670005,81.98616294469502
EDD,70.42872098156501,15.771279018434996,54.65744196313001
ENO,31.428720981565007,-23.228720981565004,54.65744196313001
ENO_reverse,23.228720981565004,-31.428720981565007,54.65744196313001
ENTCS,270.89015420085,-48.75301683050513,319.64317103135517
ETHAAL,101.146549293025,19.160386348329993,81.98616294469501
ENTERES,272.164377604485,162.849493678225,109.31488392626002
F1PP,75.24654929302501,-6.739613651670005,81.98616294469502
F6PA,46.14654929302501,-35.83961365167001,81.98616294469502
F6PA_reverse,35.83961365167001,-46.14654929302501,81.98616294469502
FACOAE120,89.74654929302501,7.760386348329995,81.98616294469502
F6PP,76.54654929302501,-5.439613651670005,81.98616294469501
FACOAE100,89.74654929302501,7.760386348329995,81.98616294469502
FACOAE140,89.74654929302501,7.760386348329995,81.98616294469502
FACOAE141,89.74654929302501,7.760386348329995,81.98616294469502
FACOAE160,89.94654929302502,7.960386348329994,81.98616294469502
FACOAE181,89.74654929302501,7.760386348329995,81.98616294469502
FACOAE161,89.94654929302502,7.960386348329994,81.98616294469502
FACOAE180,92.646549293025,10.660386348329993,81.98616294469501
FACOAE60,89.74654929302501,7.760386348329995,81.98616294469502
FACOAE80,89.74654929302501,7.760386348329995,81.98616294469502
FADRx,32.69035402673336,-21.967087936396656,54.65744196313001
FADRx2,45.567087936396646,-9.090354026733362,54.65744196313001
FALDH2,53.267087936396656,-1.3903540267333554,54.65744196313001
FALDH2_reverse,1.3903540267333554,-53.267087936396656,54.65744196313001
FBA,44.74654929302501,-37.239613651670005,81.98616294469502
FALGTHLs,28.93961365167,-53.04654929302501,81.98616294469501
FALGTHLs_reverse,53.04654929302501,-28.93961365167,81.98616294469501
FBA_reverse,37.239613651670005,-44.74654929302501,81.98616294469502
FBA3,52.24654929302501,-29.739613651670005,81.98616294469502
FBA3_reverse,29.739613651670005,-52.24654929302501,81.98616294469502
FBP,76.146549293025,-5.839613651670007,81.98616294469501
FCI,21.848720981565005,-32.808720981565,54.65744196313001
FCI_reverse,32.808720981565,-21.848720981565005,54.65744196313001
FCLK,54.06708793639665,-0.5903540267333618,54.65744196313001
FCLPA_reverse,37.03961365167001,-44.946549293025015,81.98616294469502
FE3Ri,271.986162944695,108.013837055305,163.97232588939002
FCLPA,44.946549293025015,-37.03961365167001,81.98616294469502
FHL,74.47728966291501,2.004746837822996,72.47254282509202
FLDR2,44.995808917961654,-64.31907500829837,109.31488392626002
FLVRx,4.090354026733355,-50.56708793639665,54.65744196313001
FLVR,16.96708793639665,-37.69035402673337,54.65744196313001
FMNAT,68.05744196313,-35.31907500829836,103.37651697142837
FMNRx,40.19035402673336,-14.467087936396656,54.65744196313001
FMNRx2,53.067087936396646,-1.5903540267333582,54.657441963130005
FORCT,53.05744196313001,-56.25744196313002,109.31488392626002
FORCT_reverse,56.25744196313002,-53.05744196313001,109.31488392626002
FRD3,69.15744196313001,-40.15744196313001,109.31488392626002
FRD2,69.15744196313001,-40.15744196313001,109.31488392626002
FRULYSDG,60.93654929302501,-21.049613651670008,81.98616294469502
FRULYSDG_reverse,21.049613651670008,-60.93654929302501,81.98616294469502
FRUK,50.06708793639665,-4.590354026733362,54.65744196313001
FRULYSE,27.428720981565007,-27.228720981565004,54.65744196313001
FRULYSE_reverse,27.228720981565004,-27.428720981565007,54.65744196313001
FRULYSK,43.56708793639665,-11.090354026733362,54.65744196313001
FTHFD,89.146549293025,7.160386348329993,81.98616294469501
FTHFLi,64.69580891796166,-44.61907500829836,109.31488392626002
FUM,30.728720981565004,-23.928720981565007,54.65744196313001
FUM_reverse,23.928720981565007,-30.728720981565004,54.65744196313001
G1PACT,73.15744196313001,-36.15744196313001,109.31488392626002
G1PTT,55.25744196313001,-54.05744196313,109.31488392626002
G1SAT,35.128720981565,-19.528720981565005,54.65744196313001
G1PP,80.94654929302502,-1.0396136516700025,81.98616294469502
G1SAT_reverse,19.528720981565005,-35.128720981565,54.65744196313001
G3PD2,-3.009645973266636,-57.667087936396655,54.65744196313002
G2PP,88.146549293025,6.160386348329993,81.98616294469501
G3PD2_reverse,57.667087936396655,3.009645973266636,54.65744196313002
G3PD5,112.95744196313001,3.6425580368699855,109.31488392626002
G3PD6,76.85744196313001,-32.45744196313001,109.31488392626002
G3PD7,76.85744196313001,-32.45744196313001,109.31488392626002
G3PT,75.34654929302502,-6.639613651670004,81.98616294469502
G5SADs,18.528720981565005,-36.12872098156501,54.65744196313001
G6PDH2r_reverse,28.067087936396646,-26.590354026733362,54.65744196313001
G5SD,77.58491624785665,-4.4012466968383634,81.98616294469502
G6PDA,62.04654929302501,-19.939613651670005,81.98616294469501
G6PP,73.54654929302501,-8.439613651670005,81.98616294469501
G6PDH2r,26.590354026733362,-28.067087936396646,54.65744196313001
GALCTD,69.228720981565,14.571279018434993,54.65744196313001
GALCTLO,18.767087936396656,-35.890354026733355,54.65744196313001
GALKr,46.76708793639665,-7.8903540267333625,54.65744196313001
GALCTND,69.228720981565,14.571279018434993,54.65744196313001
GALKr_reverse,7.8903540267333625,-46.76708793639665,54.65744196313001
GALS3,75.44654929302502,-6.539613651670006,81.98616294469502
GALT1,71.25744196313002,-38.05744196313001,109.31488392626002
GAPD,18.777980606501657,-63.20818233819335,81.98616294469501
GALUi,53.15744196313001,-56.15744196313001,109.31488392626002
GAPD_reverse,63.20818233819335,-18.777980606501657,81.98616294469501
GAPP,67.54654929302501,-14.439613651670005,81.98616294469501
GARFT_reverse,56.95744196313001,-52.357441963130015,109.31488392626002
GART,62.39580891796165,-46.91907500829837,109.31488392626002
GARFT,52.357441963130015,-56.95744196313001,109.31488392626002
GCALDD,97.76708793639665,43.109645973266645,54.657441963130005
GDMANE,26.52872098156501,-28.128720981565007,54.65744196313001
GDPDPK,35.86708793639665,-18.79035402673336,54.65744196313001
GDPMNH,82.94654929302502,0.9603863483299939,81.98616294469502
GDPMNP,97.54654929302501,15.560386348329992,81.98616294469502
GGGABADr,63.090354026733365,8.432912063603354,54.65744196313001
GF6PTA,68.35744196313001,-40.95744196313001,109.31488392626002
GGGABADr_reverse,-8.432912063603354,-63.090354026733365,54.65744196313001
GGPTRCO,174.398536364896,49.631665366764985,124.766870998131
GGGABAH,81.24654929302501,-0.7396136516700054,81.98616294469502
GGPTRCS,81.39580891796166,-27.91907500829837,109.31488392626002
GHBDHx_reverse,35.96708793639666,-18.69035402673336,54.65744196313002
GHBDHx,18.69035402673336,-35.96708793639666,54.65744196313002
GHMT2r,61.25744196313001,-48.05744196313,109.31488392626002
GHMT2r_reverse,48.05744196313,-61.25744196313001,109.31488392626002
GK1,35.86708793639665,-18.79035402673336,54.65744196313001
GLCATr_reverse,53.15744196313001,-56.15744196313001,109.31488392626002
GK1_reverse,18.79035402673336,-35.86708793639665,54.65744196313001
GLCATr,56.15744196313001,-53.15744196313001,109.31488392626002
GLCP,9.439613651670005,-72.54654929302501,81.98616294469501
GLCRAL,42.946549293025015,-39.03961365167001,81.98616294469502
GLCP2,9.439613651670005,-72.54654929302501,81.98616294469501
GLCS1,77.74654929302501,1.698753303161638,76.04779598986337
GLCRD,69.228720981565,14.571279018434993,54.65744196313001
GLCTR1,67.45744196313001,-41.857441963130015,109.31488392626002
GLCTR3,67.45744196313001,-41.857441963130015,109.31488392626002
GLGC,61.75744196313001,-41.61907500829836,103.37651697142837
GLNS,77.59580891796165,-31.71907500829837,109.31488392626002
GLTPD,21.96708793639666,-32.69035402673336,54.65744196313002
GLU5K,6.467087936396652,-48.19035402673337,54.65744196313002
GLTPD_reverse,32.69035402673336,-21.96708793639666,54.65744196313002
GLUDy,22.80818233819337,-63.32872098154965,86.13690331974303
GLUCYS,93.79580891796166,-15.519075008298366,109.31488392626002
GLUN,76.24654929302501,-5.739613651670005,81.98616294469502
GLUDC,90.99728966291502,18.524746837823,72.47254282509202
GLUDy_reverse,63.32872098154965,-22.80818233819337,86.13690331974303
GLUPRT,149.17527027459002,12.53166536676499,136.64360490782502
GLUR,27.928720981565007,-26.728720981565004,54.65744196313001
GLUR_reverse,26.728720981565004,-27.928720981565007,54.65744196313001
GLUSy,112.24654929300965,-1.2190750082983612,113.46562430130801
GLYAT,17.857441963130015,-91.45744196313001,109.31488392626002
GLYAT_reverse,91.45744196313001,-17.857441963130015,109.31488392626002
GLXCL,75.60818233302001,-24.193081473637008,99.80126380665702
GLYCK,46.76708793639665,-7.8903540267333625,54.65744196313001
GLYCDx,11.567087936396657,-43.09035402673335,54.65744196313001
GLYCK2,42.567087936396646,-12.090354026733358,54.657441963130005
GLYCLTDy,75.96708793639665,21.30964597326664,54.65744196313001
GLYCLTDx,63.090354026733365,8.432912063603347,54.65744196313002
GLYCTO2,94.75744196313002,-14.55744196313001,109.31488392626002
GLYCTO3,58.70744196313001,-50.607441963130015,109.31488392626002
GLYCL,79.66437759931168,-47.465607188910354,127.12998478822203
GLYCTO4,58.75744196313002,-50.55744196313001,109.31488392626002
GLYK,51.26708793639665,-3.3903540267333625,54.65744196313001
GLYOX3,83.62872098156501,28.97127901843499,54.65744196313002
GMHEPAT,64.35744196313001,-39.01907500829836,103.37651697142837
GLYOX,97.646549293025,15.660386348329993,81.98616294469501
GMAND,83.42872098156501,28.771279018434996,54.65744196313001
GMHEPPA,74.206549293025,-7.7796136516700045,81.98616294469501
GMHEPK,42.607087936396645,-12.050354026733363,54.65744196313001
GND,51.758922708083375,-20.713620117008645,72.47254282509202
GNK,45.86708793639665,-8.790354026733361,54.65744196313001
GNP,73.54654929302501,-8.439613651670005,81.98616294469501
GPDDA3,74.94654929302502,-7.039613651670006,81.98616294469502
GP4GH,104.84654929302502,22.860386348329996,81.98616294469502
GPDDA1,72.84654929302502,-9.139613651670004,81.98616294469502
GOFUCR,37.76708793639665,-16.890354026733363,54.65744196313001
GPDDA2,68.04654929302501,-13.939613651670005,81.98616294469501
GPDDA4,75.34654929302502,-6.639613651670004,81.98616294469502
GRTT,129.75744196313,20.442558036869983,109.31488392626001
GRXR,38.86833463323501,-97.77527027459001,136.64360490782502
GSNK,56.36708793639665,1.709645973266639,54.65744196313001
GTHOr_reverse,-3.2987533031616394,-85.28491624785666,81.98616294469502
GSPMDS,85.99580891796165,-23.31907500829837,109.31488392626002
GSPMDA,67.84654929302502,-14.139613651670004,81.98616294469502
GTHOr,85.28491624785666,3.2987533031616394,81.98616294469502
GTHPi,317.150506321775,207.83562239551497,109.31488392626005
GUACYC,59.64654929302501,-22.339613651670007,81.98616294469502
GTHS,87.69580891796167,-21.619075008298367,109.31488392626004
GUAPRT,85.05744196313,-24.257441963130013,109.31488392626002
GTPHs,119.746549293025,37.760386348329995,81.986162944695
GTPDPDP,90.84654929302502,8.860386348329996,81.98616294469502
GUI1_reverse,27.928720981565007,-26.728720981565004,54.65744196313001
GUI2,25.928720981565007,-28.728720981565004,54.65744196313001
GUI2_reverse,28.728720981565004,-25.928720981565007,54.65744196313001
GUI1,26.728720981565004,-27.928720981565007,54.65744196313001
H2SO,782.397038502387,696.835622395515,85.561416106872
HACD1_reverse,18.167087936396655,-36.49035402673336,54.65744196313001
HACD2,43.09035402673335,-11.567087936396657,54.65744196313001
HACD2_reverse,11.567087936396657,-43.09035402673335,54.65744196313001
HACD1,36.49035402673336,-18.167087936396655,54.65744196313001
HACD3_reverse,15.567087936396657,-39.09035402673335,54.65744196313001
HACD3,39.09035402673335,-15.567087936396657,54.65744196313001
HACD4,39.09035402673335,-15.567087936396657,54.65744196313001
HACD4_reverse,15.567087936396657,-39.09035402673335,54.65744196313001
HACD5,39.09035402673335,-15.567087936396657,54.65744196313001
HACD5_reverse,15.567087936396657,-39.09035402673335,54.65744196313001
HACD6,39.09035402673335,-15.567087936396657,54.65744196313001
HACD7,39.09035402673335,-15.567087936396657,54.65744196313001
HACD6_reverse,15.567087936396657,-39.09035402673335,54.65744196313001
HACD7_reverse,15.567087936396657,-39.09035402673335,54.65744196313001
HACD8,41.99035402673336,-12.667087936396655,54.65744196313001
HACD8_reverse,12.667087936396655,-41.99035402673336,54.65744196313001
HADPCOADH3,15.46708793639666,-39.19035402673336,54.65744196313002
HADPCOADH3_reverse,39.19035402673336,-15.46708793639666,54.65744196313002
HBZOPT,132.75744196313,23.442558036869983,109.31488392626001
HCO3E,4.212373421335897,4.212373421335897,0.0
HCO3E_reverse,-4.212373421335897,-4.212373421335897,0.0
HEX1,53.06708793639665,-1.5903540267333618,54.65744196313001
HEX4,52.56708793639665,-2.090354026733362,54.65744196313001
HEX7,50.467087936396645,-4.190354026733363,54.65744196313001
HISTD,52.10545489122831,-2.5519870719016993,54.65744196313001
HISTP,83.44654929302502,1.4603863483299975,81.98616294469502
HKNDDH,120.04654929302501,38.06038634832999,81.98616294469502
HKNTDH,120.146549293025,38.16038634833,81.986162944695
HMBS,275.23271223772,29.274223403634977,245.95848883408505
HMPK1,47.86708793639665,-6.790354026733361,54.65744196313001
HOPNTAL,54.54654929302501,-27.439613651670005,81.98616294469501
HPPK2,44.86708793639665,-9.790354026733361,54.65744196313001
HPPPNDO,265.262879741976,195.15345070697498,70.10942903500103
HPYRI_reverse,28.728720981565004,-25.928720981565007,54.65744196313001
HPYRP,82.54654929302501,0.5603863483299918,81.98616294469502
HPYRI,25.928720981565007,-28.728720981565004,54.65744196313001
HPYRRx,50.390354026733355,-4.267087936396656,54.65744196313001
HPYRRy,63.26708793639665,8.609645973266637,54.65744196313001
HSDy_reverse,54.26708793639665,-0.3903540267333625,54.65744196313001
HSDy,0.3903540267333625,-54.26708793639665,54.65744196313001
HSST,78.85744196313001,-30.45744196313001,109.31488392626002
HSTPT,46.65744196313001,-66.80818233817801,113.46562430130803
HSK,66.56708793639666,11.909645973266635,54.657441963130026
HYPOE,77.84654929302502,-4.139613651670004,81.98616294469502
HXAND,18.867087936396658,-35.790354026733354,54.65744196313001
HXCT,59.647441963130014,-49.66744196313001,109.31488392626002
HXPRT,83.05744196313,-26.257441963130013,109.31488392626002
ICDHyr,56.55892270808337,-20.064360492056643,76.62328320014001
ICHORS_copy2_reverse,28.328720981565006,-26.328720981565006,54.65744196313001
ICDHyr_reverse,20.064360492056643,-56.55892270808337,76.62328320014001
ICHORS_copy1,26.328720981565006,-28.328720981565006,54.65744196313001
ICHORS_copy2,26.328720981565006,-28.328720981565006,54.65744196313001
ICHORT,108.646549293025,26.660386348329993,81.98616294469501
ICL,56.04654929302501,-25.93961365167,81.98616294469501
IDOND,39.19035402673336,-15.467087936396656,54.65744196313001
ILETA,63.50818233817802,-49.95744196313001,113.46562430130803
IDOND2,52.067087936396646,-2.5903540267333582,54.657441963130005
IDOND_reverse,15.467087936396656,-39.19035402673336,54.65744196313001
IGPDH,69.02872098156502,14.371279018434997,54.65744196313002
IGPS,151.997289662915,79.52474683782299,72.472542825092
ILETA_reverse,49.95744196313001,-63.50818233817802,113.46562430130803
IMPD,14.067087936396653,-40.59035402673335,54.657441963130005
IMPC,9.028720981565005,-45.62872098156501,54.65744196313001
IMPC_reverse,45.62872098156501,-9.028720981565005,54.65744196313001
INSH,68.74654929302501,-13.239613651670005,81.98616294469502
INOSTO,419.46287974197605,349.35345070697497,70.10942903500109
INOSTO_reverse,-349.35345070697497,-419.46287974197605,70.10942903500109
IPDDI,32.228720981565004,-22.428720981565007,54.65744196313001
IPDDI_reverse,22.428720981565007,-32.228720981565004,54.65744196313001
INSK,56.56708793639665,1.9096459732666382,54.65744196313001
IPDPS,82.89035402673335,28.232912063603344,54.657441963130005
IPMD,15.467087936396656,-39.19035402673336,54.65744196313001
IPPMIa_reverse,24.128720981565003,-30.528720981565005,54.65744196313001
IPPMIb,30.52872098156501,-24.128720981565007,54.65744196313001
IPPMIa,30.528720981565005,-24.128720981565003,54.65744196313001
IPPMIb_reverse,24.128720981565007,-30.52872098156501,54.65744196313001
IPPS,82.85744196313001,-26.45744196313001,109.31488392626002
KARA1,2.590354026733362,-52.067087936396646,54.65744196313001
KARA2,54.86708793639665,0.20964597326663892,54.65744196313001
KARA1_reverse,52.067087936396646,-2.590354026733362,54.65744196313001
KARA2_reverse,-0.20964597326663892,-54.86708793639665,54.65744196313001
KDOCT2,92.65744196313,-16.65744196313001,109.31488392626001
KDOPP,76.44654929302502,-5.539613651670006,81.98616294469502
KDOPS,118.35744196313001,9.042558036869991,109.31488392626002
KDUI,29.828720981565006,-24.828720981565006,54.65744196313001
KG6PDC,78.59728966291502,6.124746837822997,72.47254282509202
L_LACD2,111.85744196313001,2.542558036869991,109.31488392626002
L_LACD3,75.85744196313001,-33.45744196313001,109.31488392626002
LACZ,75.646549293025,-6.339613651670007,81.98616294469501
LALDO2x,36.49035402673336,-18.167087936396655,54.65744196313001
LALDO3,42.067087936396646,-12.590354026733362,54.65744196313001
LALGP,66.84654929302502,-15.139613651670004,81.98616294469502
LCADi,84.76708793639665,30.109645973266637,54.65744196313001
LCARS,48.890354026733355,-5.767087936396656,54.65744196313001
LCARS_reverse,5.767087936396656,-48.890354026733355,54.65744196313001
LCARSyi,5.767087936396649,-48.89035402673336,54.65744196313001
LDH_D,11.667087936396655,-42.99035402673336,54.65744196313001
LDH_D_reverse,42.99035402673336,-11.667087936396655,54.65744196313001
LDH_D2,114.95744196313001,5.6425580368699855,109.31488392626002
LEUTAi,53.45744196313001,-60.00818233817801,113.46562430130803
LKDRA,46.74654929302501,-35.239613651670005,81.98616294469502
LGTHL,40.739613651670005,-41.24654929302501,81.98616294469502
LPADSS,78.35744196313001,-30.95744196313001,109.31488392626002
LSERDHr,3.3903540267333625,-51.26708793639665,54.65744196313001
LSERDHr_reverse,51.26708793639665,-3.3903540267333625,54.65744196313001
LKDRA_reverse,35.239613651670005,-46.74654929302501,81.98616294469502
LYSAM,31.928720981565007,-22.728720981565004,54.65744196313001
LYSAM_reverse,22.728720981565004,-31.928720981565007,54.65744196313001
LYSDC,91.297289662915,18.824746837822996,72.472542825092
M1PD,24.967087936396656,-29.69035402673336,54.65744196313001
M1PD_reverse,29.69035402673336,-24.967087936396656,54.65744196313001
LYXI,14.628720981565007,-40.028720981565,54.65744196313001
MALS,90.25744196313002,-19.05744196313001,109.31488392626002
MALTATr,57.357441963130015,-51.95744196313001,109.31488392626002
MALDDH,52.63565661774666,-19.836886207345348,72.472542825092
MALTATr_reverse,51.95744196313001,-57.357441963130015,109.31488392626002
MAN6PI,28.028720981565005,-26.628720981565003,54.65744196313001
MAN1PT2,47.857441963130015,-61.45744196313001,109.31488392626002
MC6PH,95.646549293025,13.660386348329993,81.98616294469501
MAN6PI_reverse,26.628720981565003,-28.028720981565005,54.65744196313001
MANAO_reverse,32.59035402673335,-22.067087936396657,54.65744196313001
MANAO,22.067087936396657,-32.59035402673335,54.65744196313001
MANPGH,75.24654929302501,-6.739613651670005,81.98616294469502
MCITL2,55.34654929302502,-26.639613651670004,81.98616294469502
MCITD,28.128720981565007,-26.52872098156501,54.65744196313001
MCITL2_reverse,26.639613651670004,-55.34654929302502,81.98616294469502
MDH_reverse,48.890354026733355,-5.767087936396656,54.65744196313001
MCITS,96.75744196313002,-12.55744196313001,109.31488392626002
MCPST,136.55744196313,27.24255803687,109.31488392626
MDH,5.767087936396656,-48.890354026733355,54.65744196313001
MDH2,109.05744196313,-0.257441963130006,109.31488392626001
MDH3,72.95744196313001,-36.357441963130015,109.31488392626002
ME1,61.835656617746665,-10.636886207345352,72.47254282509202
METNA,85.15744196313001,-24.15744196313001,109.31488392626002
ME2,48.95892270808337,-23.513620117008646,72.47254282509202
MEPCT,58.65744196313001,-50.65744196313001,109.31488392626002
MGSA,120.84654929302502,38.86038634832999,81.98616294469502
METNA_reverse,24.15744196313001,-85.15744196313001,109.31488392626002
MI1PP,85.04654929302501,3.0603863483299953,81.98616294469501
METS,64.65744196313001,-44.65744196313001,109.31488392626002
MICITDr_reverse,28.128720981565007,-26.52872098156501,54.65744196313001
MLTG2,78.146549293025,-3.839613651670007,81.98616294469501
MLTG3,78.146549293025,-3.839613651670007,81.98616294469501
MICITDr,26.52872098156501,-28.128720981565007,54.65744196313001
MLTG4,78.146549293025,-3.839613651670007,81.98616294469501
MLTG1,77.646549293025,-4.339613651670007,81.98616294469501
MLTG5,78.146549293025,-3.839613651670007,81.98616294469501
MLTP1,51.857441963130015,-57.45744196313001,109.31488392626002
MLTP1_reverse,57.45744196313001,-51.857441963130015,109.31488392626002
MLTP2,51.857441963130015,-57.45744196313001,109.31488392626002
MLTP3,51.857441963130015,-57.45744196313001,109.31488392626002
MLTP3_reverse,57.45744196313001,-51.857441963130015,109.31488392626002
MLTP2_reverse,57.45744196313001,-51.857441963130015,109.31488392626002
MMCD,85.59728966291502,13.124746837822997,72.47254282509202
MMM,19.758720981565006,-34.898720981565006,54.65744196313001
MN6PP,74.34654929302502,-7.639613651670004,81.98616294469502
MNNH,64.728720981565,10.071279018434993,54.65744196313001
MOX,129.48070805343602,32.04255803686999,97.43815001656603
MOHMT,49.05744196313001,-60.25744196313002,109.31488392626002
MPTAT,66.95744196313001,-36.419075008298364,103.37651697142837
MTAN,76.44654929302502,-5.539613651670006,81.98616294469502
MTHFC_reverse,21.528720981565005,-33.128720981565,54.65744196313001
MSAR,55.26708793639665,0.6096459732666375,54.65744196313001
MTHFC,33.128720981565,-21.528720981565005,54.65744196313001
MTHFD,13.390354026733363,-41.26708793639665,54.65744196313001
MTRPOX,124.79853636489602,0.03166536676499021,124.76687099813103
MTHFD_reverse,41.26708793639665,-13.390354026733363,54.65744196313001
MTHFR2,56.390354026733355,1.7329120636033437,54.65744196313001
NADH10,69.99035402673336,15.332912063603345,54.65744196313001
NADDP,105.94654929302502,35.83712025799329,70.10942903503172
NADH5,106.09035402673337,51.43291206360335,54.65744196313002
NADH9,67.19035402673336,12.53291206360334,54.65744196313002
NADHHS,-7.409645973266638,-56.12872098156501,48.719075008298375
NADHHR,-7.409645973266638,-56.12872098156501,48.719075008298375
NADHXE,27.328720981565006,-27.328720981565006,54.65744196313001
NADHPO,307.57252571527334,280.2438047337083,27.328720981565027
NADHXD,120.44654929302502,44.39875330316164,76.04779598986337
NADHXE_reverse,27.328720981565006,-27.328720981565006,54.65744196313001
NADK,47.66708793639665,4.88637988292993,42.78070805346672
NADPHQR2,118.96708793639667,64.30964597326664,54.657441963130026
NADN,104.146549293025,28.098753303161644,76.04779598986336
NADPHHR,-1.4712790184349949,-50.19035402673336,48.71907500829836
NADPHHS,-1.4712790184349949,-50.19035402673336,48.71907500829836
NADPHXE,27.328720981565006,-27.328720981565006,54.65744196313001
NADPHXE_reverse,27.328720981565006,-27.328720981565006,54.65744196313001
NADPHQR3,82.86708793639664,28.20964597326664,54.657441963130005
NADPPPS,66.96981538336172,-3.139613651670004,70.10942903503172
NADPHQR4,80.06708793639665,25.409645973266635,54.65744196313001
NADTRHD,12.876733909663294,12.876733909663294,0.0
NADPHXD,114.50818233819336,38.46038634833,76.04779598986337
NAMNPP,127.81363722942166,-8.829967678403367,136.64360490782502
NADS1,75.55744196313,-27.81907500829837,103.37651697142837
NDP7,88.646549293025,6.660386348329993,81.98616294469501
NDPK1,35.76708793639665,-18.890354026733363,54.65744196313001
NDPK1_reverse,18.890354026733363,-35.76708793639665,54.65744196313001
NDP3,90.74654929302501,8.760386348329995,81.98616294469502
NDPK2,35.86708793639665,-18.79035402673336,54.65744196313001
NDPK2_reverse,18.79035402673336,-35.86708793639665,54.65744196313001
NDPK3,33.76708793639665,-20.890354026733363,54.65744196313001
NDPK3_reverse,20.890354026733363,-33.76708793639665,54.65744196313001
NDPK4_reverse,23.990354026733364,-30.667087936396648,54.65744196313001
NDPK4,30.667087936396648,-23.990354026733364,54.65744196313001
NDPK5,35.86708793639665,-18.79035402673336,54.65744196313001
NDPK5_reverse,18.79035402673336,-35.86708793639665,54.65744196313001
NDPK6,31.76708793639665,-22.890354026733363,54.65744196313001
NDPK7,28.967087936396652,-25.690354026733367,54.65744196313002
NDPK6_reverse,22.890354026733363,-31.76708793639665,54.65744196313001
NDPK7_reverse,25.690354026733367,-28.967087936396652,54.65744196313002
NDPK8,30.167087936396648,-24.490354026733364,54.65744196313001
NDPK8_reverse,24.490354026733364,-30.167087936396648,54.65744196313001
NHFRBO,299.0012466968384,217.01508375214334,81.98616294469505
NMNAT,46.71907500829836,-50.71907500829836,97.43815001659672
NMNDA,60.14654929302501,-21.839613651670007,81.98616294469502
NMNN,85.94654929302502,3.960386348329994,81.98616294469502
NNAM,69.74654929302501,-12.239613651670005,81.98616294469502
NNATr,75.45744196313001,-27.91907500829836,103.37651697142837
NNATr_reverse,27.91907500829836,-75.45744196313001,103.37651697142837
NNDMBRT,79.35744196313001,-29.95744196313001,109.31488392626002
NNDPR,115.22601064448003,-11.903974143742008,127.12998478822203
NODOy,509.0641264387836,368.8452683687816,140.218858070002
NODOx,496.1873925291203,355.9685344591183,140.218858070002
NTD1,77.54654929302501,-4.439613651670008,81.98616294469502
NTD11,69.94654929302502,-12.039613651670006,81.98616294469502
NTD12,80.04654929302501,-1.9396136516700082,81.98616294469502
NTD2,73.84654929302502,-8.139613651670004,81.98616294469502
NTD3,80.34654929302502,-1.639613651670004,81.98616294469502
NTD10,76.54654929302501,-5.439613651670005,81.98616294469501
NTD5,75.646549293025,-6.339613651670007,81.98616294469501
NTD6,81.146549293025,-0.8396136516700068,81.98616294469501
NTD7,72.60818233819337,-3.4396136516700047,76.04779598986337
NTD4,79.74654929302501,-2.2396136516700054,81.98616294469502
NTP1,71.85619526629165,44.527474284726644,27.328720981565006
NTD8,81.146549293025,-0.8396136516700068,81.98616294469501
NTD9,70.146549293025,-11.839613651670007,81.98616294469501
NTP11,93.746549293025,11.760386348329995,81.986162944695
NTP3,90.84654929302502,8.860386348329996,81.98616294469502
NTP10,97.04654929302501,15.060386348329992,81.98616294469502
NTPP1,109.146549293025,27.160386348329993,81.98616294469501
NTP12,93.74654929302501,11.760386348329995,81.98616294469502
NTP5,92.84654929302502,10.860386348329996,81.98616294469502
NTPP11,109.146549293025,27.160386348329993,81.98616294469501
NTPP10,109.146549293025,27.160386348329993,81.98616294469501
NTPP4,102.746549293025,20.760386348329995,81.986162944695
NTPP2,100.54654929302501,18.560386348329992,81.98616294469502
NTPP3,107.646549293025,25.660386348329993,81.98616294469501
NTPP5,104.44654929302502,22.460386348329997,81.98616294469502
NTPTP1,79.94654929302502,-2.039613651670006,81.98616294469502
NTPP6,82.55619526629167,55.22747428472665,27.32872098156502
NTPP7,105.54654929302501,23.560386348329992,81.98616294469502
NTPP8,98.34654929302502,16.360386348329996,81.98616294469502
NTPP9,77.646549293025,-4.339613651670007,81.98616294469501
NTPTP2,79.94654929302502,-2.039613651670006,81.98616294469502
O16GALFT,67.45744196313001,-41.857441963130015,109.31488392626002
NTRIR2x,393.71362011707004,339.05617815394004,54.65744196313
O16AT,57.357441963130015,-51.95744196313001,109.31488392626002
O16GLCT2,67.45744196313001,-41.857441963130015,109.31488392626002
OAADC,83.39728966291501,10.924746837822997,72.47254282509202
O16GLCT1,67.45744196313001,-41.857441963130015,109.31488392626002
OCBT_reverse,25.357441963130015,-83.95744196313001,109.31488392626002
OHPBAT,45.05744196313001,-68.40818233817802,113.46562430130803
OCBT,83.95744196313001,-25.357441963130015,109.31488392626002
OBTFL,56.75744196313002,-52.55744196313001,109.31488392626002
OHPBAT_reverse,68.40818233817802,-45.05744196313001,113.46562430130803
OMCDC,85.49728966291502,13.024746837822995,72.47254282509203
OCTDPS,539.47232588939,211.52767411060998,327.9446517787801
OMMBLHXy,450.80124669680765,380.69181766180657,70.10942903500109
OMPHHXy,450.80124669680765,380.69181766180657,70.10942903500109
OP4ENH,28.028720981565005,-26.628720981565003,54.65744196313001
OPHBDC,76.99728966291502,4.524746837822995,72.47254282509203
OPHHX3,154.17947846897997,44.864594542719935,109.31488392626002
OMPDC,95.39728966291501,22.924746837822997,72.47254282509202
OPHHXy,450.80124669680765,380.69181766180657,70.10942903500109
ORNDC,110.09728966291502,37.624746837823,72.47254282509202
ORPT,64.85744196313001,-44.45744196313001,109.31488392626002
ORPT_reverse,44.45744196313001,-64.85744196313001,109.31488392626002
OXAMTC,47.05744196313001,-62.25744196313002,109.31488392626002
OXCDC,85.09728966291502,12.624746837822997,72.47254282509202
OXCOAHDH,67.99035402673337,13.332912063603352,54.65744196313002
OXDHCOAT,80.75744196313002,-28.55744196313001,109.31488392626002
P5CD,91.46708793639667,36.80964597326666,54.657441963130005
P5CR,79.66708793639665,25.009645973266636,54.65744196313002
PACCOAL,73.49580891796165,-35.81907500829837,109.31488392626002
PACCOAE,450.80124669680765,380.69181766180657,70.10942903500109
PACOAT,91.04654929302501,9.060386348329995,81.98616294469501
PAI2I,31.928720981565007,-22.728720981565004,54.65744196313001
PAI2T,85.55744196313,-23.757441963130013,109.31488392626002
PANTS,106.69580891796167,-2.619075008298374,109.31488392626005
PAPA120,75.34654929302502,-6.639613651670004,81.98616294469502
PAPA140,75.34654929302502,-6.639613651670004,81.98616294469502
PAPA141,75.34654929302502,-6.639613651670004,81.98616294469502
PAPA160,75.34654929302502,-6.639613651670004,81.98616294469502
PAPA161,75.34654929302502,-6.639613651670004,81.98616294469502
PAPA180,75.34654929302502,-6.639613651670004,81.98616294469502
PAPPT3,51.99744196313001,-57.31744196313001,109.31488392626002
PAPSR,131.47527027459,-5.168334633235013,136.64360490782502
PAPSR2,131.47527027459,-5.168334633235013,136.64360490782502
PAPA181,75.34654929302502,-6.639613651670004,81.98616294469502
PCNO,-38.20964597326664,-92.86708793639664,54.657441963130005
PCNO_reverse,92.86708793639664,38.20964597326664,54.657441963130005
PDE1,71.52872098156502,22.80964597326664,48.719075008298375
PDH,100.04654928785166,0.24528548119463878,99.80126380665702
PDX5PO2,10.767087936396656,-43.890354026733355,54.65744196313001
PDE4,71.52872098156502,16.871279018434997,54.65744196313002
PERD,15.46708793639666,-39.19035402673336,54.65744196313002
PFK,48.26708793639665,-6.3903540267333625,54.65744196313001
PFK_2,52.86708793639665,-1.790354026733361,54.65744196313001
PDX5PS,340.16437759931176,213.03439281108965,127.12998478822212
PDX5POi,154.98070805343602,57.542558036869984,97.43815001656603
PDXPP,81.74654929302501,-0.23961365167000537,81.98616294469502
PERD_reverse,39.19035402673336,-15.46708793639666,54.65744196313002
PGAMT,30.428720981565007,-24.228720981565004,54.65744196313001
PFK_3,44.06708793639665,-10.590354026733362,54.65744196313001
PFL,75.85744196313001,-33.45744196313001,109.31488392626002
PGCD,1.567087936396657,-53.09035402673335,54.65744196313001
PGK,14.56708793639665,-40.090354026733365,54.65744196313001
PGAMT_reverse,24.228720981565004,-30.428720981565007,54.65744196313001
PGI,24.798720981565005,-29.858720981565007,54.65744196313001
PGI_reverse,29.858720981565007,-24.798720981565005,54.65744196313001
PGLYCP,94.146549293025,12.160386348329993,81.98616294469501
PGK_reverse,40.090354026733365,-14.56708793639665,54.65744196313001
PGL,51.12872098156501,-3.528720981565005,54.65744196313001
PGM,31.428720981565007,-23.228720981565004,54.65744196313001
PGM_reverse,23.228720981565004,-31.428720981565007,54.65744196313001
PGPP140,75.34654929302502,-6.639613651670004,81.98616294469502
PGMT,34.728720981565004,-19.928720981565007,54.65744196313001
PGMT_reverse,19.928720981565007,-34.728720981565004,54.65744196313001
PGPP120,75.34654929302502,-6.639613651670004,81.98616294469502
PGPP180,75.34654929302502,-6.639613651670004,81.98616294469502
PGPP141,75.34654929302502,-6.639613651670004,81.98616294469502
PGPP181,75.34654929302502,-6.639613651670004,81.98616294469502
PHDA,38.12872098156501,-16.528720981565005,54.65744196313001
PHETA1,59.308182338178014,-54.15744196313001,113.46562430130803
PGPP160,75.34654929302502,-6.639613651670004,81.98616294469502
PGPP161,75.34654929302502,-6.639613651670004,81.98616294469502
PMANM,31.628720981565003,-23.028720981565005,54.65744196313001
PMANM_reverse,23.028720981565005,-31.628720981565003,54.65744196313001
PMDPHT,78.54654929302501,-3.4396136516700047,81.98616294469501
PHETA1_reverse,54.15744196313001,-59.308182338178014,113.46562430130803
POR5,140.56562429615002,-68.55052343676702,209.11614773291706
PNTK,43.46708793639665,-11.190354026733367,54.65744196313002
POR5_reverse,68.55052343676702,-140.56562429615002,209.11614773291706
POX,254.22601064448,127.09602585625801,127.12998478822199
PPA,80.94654929302502,-1.039613651670006,81.98616294469502
PPA2,93.24654929302501,11.260386348329995,81.98616294469502
PMPK,36.66708793639665,-17.990354026733364,54.65744196313001
PPAKr_reverse,1.0670879363966463,-53.59035402673337,54.65744196313002
PPAKr,53.59035402673337,-1.0670879363966463,54.65744196313002
PPBNGS,128.03961365167,46.053450706974985,81.98616294469502
PPCDC,89.89728966291501,17.424746837823,72.472542825092
PPC,80.19308147363701,-19.60818233302001,99.80126380665702
PPCK,64.23565661774666,-8.23688620734536,72.47254282509202
PPCSCT,70.75744196313002,-38.55744196313001,109.31488392626002
PPDOy,60.76708793639665,6.1096459732666375,54.65744196313001
PPGPPDP,90.74654929302501,8.760386348329995,81.98616294469502
PPK,45.56708793639665,-9.090354026733362,54.65744196313001
PPK2,45.56708793639665,-9.090354026733362,54.65744196313001
PPM,39.028720981565,-15.628720981565007,54.65744196313001
PPM_reverse,15.628720981565007,-39.028720981565,54.65744196313001
PPM2,56.228720981565004,1.5712790184349927,54.65744196313001
PPM2_reverse,-1.5712790184349927,-56.228720981565004,54.65744196313001
PPNCL2,131.386162944695,-32.58616294469502,163.97232588939002
PPNDH,138.59728966291502,66.124746837823,72.47254282509202
PPND,88.73565661774666,16.263113792654647,72.472542825092
PPPNDO,392.72451278714436,322.6150837521433,70.10942903500109
PPS,72.38491624785667,-9.60124669683836,81.98616294469502
PRAGSr,84.89580891796166,-24.41907500829837,109.31488392626002
PRAGSr_reverse,24.41907500829837,-84.89580891796166,109.31488392626002
PRAIi,33.128720981565,-21.528720981565005,54.65744196313001
PRASCSi,124.89580891796166,15.580924991701622,109.31488392626004
PRMICI,33.128720981565,-21.528720981565005,54.65744196313001
PRMICI_reverse,21.528720981565005,-33.128720981565,54.65744196313001
PROD3,91.05744196313,-18.257441963130013,109.31488392626002
PRPPS,32.90708793639665,-21.750354026733362,54.65744196313001
PRPPS_reverse,21.750354026733362,-32.90708793639665,54.65744196313001
PSCVT,67.05744196313,-42.25744196313001,109.31488392626002
PSCVT_reverse,42.25744196313001,-67.05744196313,109.31488392626002
PSD120,76.59728966291502,4.124746837822997,72.47254282509202
PSD140,76.59728966291502,4.124746837822997,72.47254282509202
PSD141,76.59728966291502,4.124746837822997,72.47254282509202
PSD160,76.59728966291502,4.124746837822997,72.47254282509202
PSD161,76.59728966291502,4.124746837822997,72.47254282509202
PSD180,76.59728966291502,4.124746837822997,72.47254282509202
PSD181,76.59728966291502,4.124746837822997,72.47254282509202
PSERT,66.05744196313,-47.40818233817801,113.46562430130801
PSP_L,74.94654929302502,-7.039613651670006,81.98616294469502
PSURIK,47.967087936396645,-6.690354026733363,54.65744196313001
PTA2,37.15744196313001,-72.15744196313001,109.31488392626002
PTAr,45.25744196313001,-64.05744196313,109.31488392626002
PTAr_reverse,64.05744196313,-45.25744196313001,109.31488392626002
PTRCTA,56.60818233817801,-56.857441963130015,113.46562430130803
PUNP1,46.75744196313001,-62.55744196313,109.31488392626002
PUNP1_reverse,62.55744196313,-46.75744196313001,109.31488392626002
PUNP2,43.65744196313001,-65.65744196313001,109.31488392626002
PUNP2_reverse,65.65744196313001,-43.65744196313001,109.31488392626002
PTPATi,68.45744196313001,-34.919075008298364,103.37651697142837
PUNP3_reverse,65.65744196313001,-43.65744196313001,109.31488392626002
PUNP4_reverse,65.65744196313001,-43.65744196313001,109.31488392626002
PUNP4,43.65744196313001,-65.65744196313001,109.31488392626002
PUNP3,43.65744196313001,-65.65744196313001,109.31488392626002
PUNP5_reverse,63.357441963130015,-45.95744196313001,109.31488392626002
PUNP7_reverse,65.05744196313,-44.25744196313001,109.31488392626002
PUNP5,45.95744196313001,-63.357441963130015,109.31488392626002
PYAM5PO,177.39853636489602,52.631665366764985,124.76687099813103
PUNP6,45.15744196313001,-64.15744196313001,109.31488392626002
PUNP6_reverse,64.15744196313001,-45.15744196313001,109.31488392626002
PUNP7,44.25744196313001,-65.05744196313,109.31488392626002
PYK,46.490354026733364,-8.167087936396648,54.65744196313001
PYDXK,50.26708793639665,-4.3903540267333625,54.65744196313001
PYDAMK,48.66708793639665,-5.990354026733364,54.65744196313001
PYDXNK,44.76708793639665,-9.890354026733363,54.65744196313001
PYDXPP,76.34654929302502,-5.639613651670004,81.98616294469502
PYK2,82.35744196313001,-26.95744196313001,109.31488392626002
PYNP2r,53.05744196313001,-56.25744196313001,109.31488392626002
PYK3,82.25744196313002,-27.05744196313001,109.31488392626002
PYK4,80.25744196313002,-29.05744196313001,109.31488392626002
QUINDH,16.667087936396655,-37.99035402673336,54.65744196313001
PYK6,77.15744196313001,-32.15744196313001,109.31488392626002
R1PK,56.06708793639665,1.4096459732666382,54.65744196313001
PYNP2r_reverse,56.25744196313001,-53.05744196313001,109.31488392626002
PYROX,154.02451278714435,83.91508375214335,70.109429035001
QULNS,281.85744196313004,172.54255803687,109.31488392626005
RBFSa,138.75744196313,29.44255803686999,109.31488392626
QUINDHyi,6.590354026733362,-48.06708793639665,54.65744196313001
R15BPK,23.86708793639665,-30.79035402673336,54.65744196313001
RBK,58.26708793639665,3.6096459732666375,54.65744196313001
RBK_L1,47.967087936396645,-6.690354026733363,54.65744196313001
R5PP,66.15654929302501,-15.829613651670005,81.98616294469501
RBP4E,27.828720981565006,-26.828720981565006,54.65744196313001
RHCCE,76.84654929302502,-5.139613651670004,81.98616294469502
RBFSb,214.55744196313,105.24255803687,109.31488392626001
RBFK,31.26708793639665,-23.390354026733363,54.65744196313001
RHMND,69.228720981565,14.571279018434993,54.65744196313001
RBP4E_reverse,26.828720981565006,-27.828720981565006,54.65744196313001
RHMND_reverse,-14.571279018434993,-69.228720981565,54.65744196313001
RMI,27.128720981565007,-27.52872098156501,54.65744196313001
RMI_reverse,27.52872098156501,-27.128720981565007,54.65744196313001
RMPA,58.346549293025014,-23.639613651670004,81.98616294469502
RMPA_reverse,23.639613651670004,-58.346549293025014,81.98616294469502
RNDR1,93.41907500829836,-9.957441963130009,103.37651697142837
RNDR1b,93.41907500829836,-9.957441963130009,103.37651697142837
RNDR2,93.35744196313001,-15.957441963130009,109.31488392626002
RMK,38.067087936396646,-16.590354026733365,54.65744196313001
RNDR2b,93.35744196313001,-15.957441963130009,109.31488392626002
RNDR3,95.35744196313001,-13.957441963130009,109.31488392626002
RNDR3b,95.35744196313001,-13.957441963130009,109.31488392626002
RNDR4,94.45744196313001,-14.857441963130015,109.31488392626002
RNDR4b,94.45744196313001,-14.857441963130015,109.31488392626002
RNTR1c2,150.88616294469503,-7.147795989863361,158.0339589345584
RNTR3c2,145.286162944695,-18.68616294469502,163.97232588939002
RNTR2c2,123.58616294469502,-40.386162944695016,163.97232588939005
RPE,30.728720981565004,-23.928720981565007,54.65744196313001
RNTR4c2,145.08616294469502,-18.886162944695016,163.97232588939005
RPE_reverse,23.928720981565007,-30.728720981565004,54.65744196313001
RPI,25.398720981565006,-29.258720981565006,54.65744196313001
RPI_reverse,29.258720981565006,-25.398720981565006,54.65744196313001
RPNTPH,107.44654929302502,25.460386348329997,81.98616294469502
RU5PP,65.04654929302501,-16.939613651670008,81.98616294469502
RZ5PP,78.646549293025,-3.339613651670007,81.98616294469501
S7PI,25.828720981565006,-28.828720981565006,54.65744196313001
SADH,225.832946285835,98.702961497613,127.12998478822199
SADT2,95.90399125615502,-89.45868865996837,185.3626799161234
SARCOX,157.198536364896,32.43166536676499,124.76687099813101
SBTPD_reverse,34.09035402673335,-20.567087936396657,54.65744196313001
SDPTA,58.00818233817802,-55.45744196313001,113.46562430130803
SDPTA_reverse,55.45744196313001,-58.00818233817802,113.46562430130803
SEPHCHCS,31.25892270806801,-72.693081473637,103.95200418170501
SERASr,66.25744196313002,-37.11907500829836,103.37651697142837
SBTPD,20.567087936396657,-34.09035402673335,54.65744196313001
SDPDS,56.74654929302501,-25.239613651670005,81.98616294469502
SERAT,61.55744196313,-47.75744196313001,109.31488392626002
SERAT_reverse,47.75744196313001,-61.55744196313,109.31488392626002
SERASr_reverse,37.11907500829836,-66.25744196313002,103.37651697142837
SGDS,67.34654929302502,-14.639613651670004,81.98616294469502
SERD_D,92.44654929302502,10.460386348329994,81.98616294469502
SHCHCS3,193.746549293025,111.76038634833,81.986162944695
SERD_L,93.34654929302502,11.360386348329996,81.98616294469502
SFGTHi,81.74654929302501,-0.23961365167000537,81.98616294469502
SHGO,143.780708053436,42.19181766182199,101.588890391614
SHK3Dr_reverse,-55.90964597326663,-110.56708793639666,54.65744196313003
SGSAD,78.36708793639667,23.709645973266646,54.657441963130026
SHK3Dr,110.56708793639666,55.90964597326663,54.65744196313003
SHKK,41.067087936396646,-13.590354026733362,54.65744196313001
SHSL1,117.65744196313,8.342558036869988,109.31488392626001
SSALy,58.990354026733364,4.332912063603352,54.65744196313001
SOTA,60.208182338178005,-53.25744196313001,113.46562430130803
SPMDAT1,73.45744196313001,-35.857441963130015,109.31488392626002
SPMDAT2,73.35744196313001,-35.95744196313001,109.31488392626002
SSALx,71.86708793639667,17.209645973266646,54.657441963130026
SUCOAS,61.79580891796166,-47.519075008298366,109.31488392626002
SUCOAS_reverse,47.519075008298366,-61.79580891796166,109.31488392626002
SUCBZS,40.028720981565,-14.628720981565007,54.65744196313001
SUCDi,76.25744196313002,-33.05744196313001,109.31488392626002
TAGURr_reverse,32.99035402673336,-21.667087936396655,54.65744196313001
SUCBZL,75.49580891796165,-33.81907500829837,109.31488392626002
SULR,163.84382184605994,109.18637988292991,54.657441963130026
TALA_reverse,53.95744196313001,-55.357441963130015,109.31488392626002
TAGURr,21.667087936396655,-32.99035402673336,54.65744196313001
TDPAGTA,40.75744196313001,-72.708182338178,113.46562430130803
TDPDRE,39.62872098156501,-15.028720981565005,54.65744196313001
TALA,55.357441963130015,-53.95744196313001,109.31488392626002
TARTD,62.628720981565,7.971279018434991,54.65744196313001
TDSK,45.36708793639665,-9.290354026733361,54.65744196313001
TDPDRR,37.66708793639665,-16.990354026733364,54.65744196313001
TGBPA,46.64654929302501,-35.33961365167001,81.98616294469502
TDPGDH,73.52872098156502,18.871279018434997,54.65744196313002
TGBPA_reverse,35.33961365167001,-46.64654929302501,81.98616294469502
THDPS,34.45744196313001,-74.85744196313001,109.31488392626002
THRA,54.846549293025014,-27.139613651670004,81.98616294469502
THRA2,67.24654929302501,-14.739613651670005,81.98616294469502
THRD,6.367087936396658,-48.290354026733354,54.65744196313001
THIORDXi,332.23961365167,250.25345070697497,81.98616294469505
THRS,92.94654929302502,10.960386348329997,81.98616294469502
THRD_L,89.54654929302501,7.560386348329995,81.98616294469501
TKT1,58.45744196313001,-50.857441963130015,109.31488392626002
TKT1_reverse,50.857441963130015,-58.45744196313001,109.31488392626002
TKT2,64.75744196313002,-44.55744196313001,109.31488392626002
TKT2_reverse,44.55744196313001,-64.75744196313002,109.31488392626002
TMAOR1,252.65744196313,143.34255803687,109.31488392626
TMAOR2,249.95744196313,140.64255803687,109.31488392626
TMDK1,50.967087936396645,-3.690354026733363,54.65744196313001
TMDPP_reverse,60.05744196313,-49.25744196313001,109.31488392626002
TMDPP,49.25744196313001,-60.05744196313,109.31488392626002
TMDS,99.15744196313001,-10.157441963130012,109.31488392626002
TMK,53.06708793639665,-1.5903540267333618,54.65744196313001
TMPPP,58.95744196313001,-50.357441963130015,109.31488392626002
TPI,21.828720981565006,-32.828720981565006,54.65744196313001
TPI_reverse,32.828720981565006,-21.828720981565006,54.65744196313001
TPRDCOAS,54.95744196313001,-48.419075008298364,103.37651697142837
TRDR,42.16708793639665,-12.490354026733364,54.65744196313001
TRE6PH,74.44654929302502,-7.539613651670006,81.98616294469502
TRE6PP,71.54654929302501,-10.439613651670005,81.98616294469501
TRE6PS,72.35744196313001,-36.95744196313001,109.31488392626002
TREH,76.44654929302502,-5.539613651670006,81.98616294469502
TRPAS2,81.06437760448502,-28.250506321775006,109.31488392626002
TRPAS2_reverse,28.250506321775006,-81.06437760448502,109.31488392626002
TRPS1,85.15744196313,-24.15744196313001,109.31488392626001
TRPS2,66.93961365167002,-15.04654929302501,81.98616294469502
TRPS3,45.54654929302501,-36.43961365167,81.98616294469501
TRSARr,51.790354026733354,-2.8670879363966577,54.65744196313001
TRSARr_reverse,2.8670879363966577,-51.790354026733354,54.65744196313001
TYRTA,58.808182338178014,-54.65744196313001,113.46562430130803
TYRTA_reverse,54.65744196313001,-58.808182338178014,113.46562430130803
UAAGDS,84.69580891796167,-24.619075008298367,109.31488392626004
UACMAMO,65.10545489122829,10.448012928098294,54.65744196313
UAG2E,27.328720981565006,-27.328720981565006,54.65744196313001
UAGCVT,66.75744196313002,-42.55744196313001,109.31488392626002
UAG2E_reverse,27.328720981565006,-27.328720981565006,54.65744196313001
UAGDP,58.19744196313002,-51.11744196313001,109.31488392626002
UAGPT3,68.35744196313001,-40.95744196313001,109.31488392626002
UAMAGS,89.69580891796167,-19.619075008298367,109.31488392626004
UAMAS,89.09580891796165,-20.21907500829837,109.31488392626002
UAPGR,92.16708793639665,37.50964597326664,54.65744196313001
UDCPDP,91.54654929302501,9.560386348329992,81.98616294469502
UDCPDPS,828.958488834085,337.0415111659149,491.91697766817003
UDPG4E,24.428720981565007,-30.228720981565004,54.65744196313001
UDPG4E_reverse,30.228720981565004,-24.428720981565007,54.65744196313001
UDPGALM,22.52872098156501,-32.128720981565,54.65744196313001
UDPGD,60.9054548912283,6.248012928098291,54.65744196313001
UDPGDC,78.43565661774667,5.963113792654649,72.47254282509202
UGCIAMH,99.646549293025,17.660386348329993,81.98616294469501
UDPGPT_reverse,61.15744196313001,-48.15744196313001,109.31488392626002
UDPKAAT_reverse,85.00818233817802,-28.45744196313001,113.46562430130803
UDPGPT,48.15744196313001,-61.15744196313001,109.31488392626002
UGLT_reverse,51.75744196313001,-57.55744196313001,109.31488392626002
UDPKAAT,28.45744196313001,-85.00818233817802,113.46562430130803
UGLYCH,163.132946285835,36.002961497613,127.129984788222
UGLT,57.55744196313001,-51.75744196313001,109.31488392626002
UM4PCP,64.81654929302502,-17.169613651670005,81.98616294469502
UMPK,37.86708793639665,-16.79035402673336,54.65744196313001
UPPRT,71.95744196313001,-37.357441963130015,109.31488392626002
UMPK_reverse,16.79035402673336,-37.86708793639665,54.65744196313001
URIC,170.649276734786,55.39602585625799,115.25325087852802
ULA4NFT,52.95744196313001,-56.357441963130015,109.31488392626002
UGMDDS,88.99580891796165,-20.31907500829837,109.31488392626002
UHGADA,72.146549293025,-9.839613651670007,81.98616294469501
VALTA_reverse,57.75744196313002,-55.708182338178005,113.46562430130803
UPPDC1,224.00299570696504,98.085150295987,125.91784541097803
URIH,75.94654929302502,-6.039613651670006,81.98616294469502
URDGLYCD,46.46708793639666,-8.190354026733356,54.65744196313001
URIK1,52.66708793639665,-1.990354026733364,54.65744196313001
XAND,57.96708793639666,3.3096459732666474,54.65744196313001
URIK2,71.55744196313,-37.75744196313001,109.31488392626002
USHD,96.246549293025,14.260386348329995,81.986162944695
VPAMTr,58.05744196313,-51.25744196313001,109.31488392626002
VALTA,55.708182338178005,-57.75744196313002,113.46562430130803
XYLI1,23.628720981565003,-31.028720981565005,54.65744196313001
XTSNH,67.04654929302501,-14.939613651670008,81.98616294469502
VPAMTr_reverse,51.25744196313001,-58.05744196313,109.31488392626002
X5PL3E,28.128720981565007,-26.52872098156501,54.65744196313001
XPPT,78.15744196313001,-31.15744196313001,109.31488392626002
YUMPS,54.33961365167001,-27.64654929302501,81.98616294469502
XYHDL,61.14654929302501,-20.839613651670007,81.98616294469502
YUMPS_reverse,27.64654929302501,-54.33961365167001,81.98616294469502
XYLI1_reverse,31.028720981565005,-23.628720981565003,54.65744196313001
XYLI2,27.428720981565007,-27.228720981565004,54.65744196313001
XYLI2_reverse,27.228720981565004,-27.428720981565007,54.65744196313001
XYLK2,57.16708793639665,2.509645973266636,54.65744196313001
XYLK,58.967087936396645,4.309645973266637,54.65744196313001
