,max_value,min_value,diff
13PPDH2,75.95744196313001,-33.357441963130015,109.31488392626002
13PPDH2_reverse,33.357441963130015,-75.95744196313001,109.31488392626002
2DDARAA,50.346549293025014,-31.639613651670004,81.98616294469502
2DDARAA_reverse,31.639613651670004,-50.346549293025014,81.98616294469502
2DGULRGx,72.85744196313001,-36.45744196313001,109.31488392626002
2DGULRx,68.15744196313001,-41.15744196313001,109.31488392626002
2DGULRGy,73.85744196313001,-35.45744196313001,109.31488392626002
2DGULRy,69.15744196313001,-40.15744196313001,109.31488392626002
2DOXG6PP,78.646549293025,-3.339613651670007,81.98616294469501
2MAHMP,87.04654929302501,5.060386348329992,81.98616294469502
3AMACHYD,100.44654929302502,18.460386348329997,81.98616294469502
3HBZCT,91.146549293025,9.160386348329993,81.98616294469501
3HCINNMH,471.19160072354106,346.4247297254099,124.76687099813114
3HPADHi,108.15744196313,-1.1574419631300117,109.31488392626001
3HPPPNH,471.19160072354106,346.4247297254099,124.76687099813114
3KGK,71.75744196313002,-37.55744196313001,109.31488392626002
3OXCOAT,84.35744196313001,-24.95744196313001,109.31488392626002
3SLAR,83.65744196313001,-25.65744196313001,109.31488392626002
4HTHRA,62.84654929302502,-19.139613651670004,81.98616294469502
4HTHRA_reverse,19.139613651670004,-62.84654929302502,81.98616294469502
4HTHRK,69.45744196313001,-39.857441963130015,109.31488392626002
5DGLCNR,78.15744196313001,-31.15744196313001,109.31488392626002
5DKGR_reverse,32.15744196313001,-77.15744196313001,109.31488392626002
5DKGR,77.15744196313001,-32.15744196313001,109.31488392626002
5DOAN,75.44654929302502,-6.539613651670006,81.98616294469502
6D6SFK,72.65744196313001,-36.65744196313001,109.31488392626002
6D6SPA,50.74654929302501,-31.239613651670005,81.98616294469502
A5PISO,29.928720981565007,-24.728720981565004,54.65744196313001
A5PISO_reverse,24.728720981565004,-29.928720981565007,54.65744196313001
AACTOOR,176.49853636489598,51.73166536676498,124.766870998131
AAMYL,40.028720981565,-14.628720981565007,54.65744196313001
AB6PGH,31.04654929302501,-50.93961365167001,81.98616294469502
ABTA,52.708182338178005,-60.75744196313001,113.46562430130803
ABUTD,107.95744196313001,-1.3574419631300145,109.31488392626002
ACACT1r,28.55744196313001,-80.75744196313002,109.31488392626002
ACACCT,48.95744196313001,-60.357441963130015,109.31488392626002
ACACT1r_reverse,80.75744196313002,-28.55744196313001,109.31488392626002
ACACT2r,19.55744196313001,-89.75744196313002,109.31488392626002
ACACT2r_reverse,89.75744196313002,-19.55744196313001,109.31488392626002
ACACT3r,21.95744196313001,-87.35744196313001,109.31488392626002
ACACT3r_reverse,87.35744196313001,-21.95744196313001,109.31488392626002
ACACT4r,22.15744196313001,-87.15744196313,109.31488392626001
ACACT4r_reverse,87.15744196313,-22.15744196313001,109.31488392626001
ACACT5r,21.95744196313001,-87.35744196313001,109.31488392626002
ACACT6r,22.15744196313001,-87.15744196313,109.31488392626001
ACACT5r_reverse,87.35744196313001,-21.95744196313001,109.31488392626002
ACACT6r_reverse,87.15744196313,-22.15744196313001,109.31488392626001
ACACT7r,22.15744196313001,-87.15744196313,109.31488392626001
ACACT7r_reverse,87.15744196313,-22.15744196313001,109.31488392626001
ACACT8r,89.45744196313001,-19.857441963130015,109.31488392626002
ACACT8r_reverse,19.857441963130015,-89.45744196313001,109.31488392626002
ACALD,64.36833463323501,-72.27527027459001,136.64360490782502
ACALD_reverse,72.27527027459001,-64.36833463323501,136.64360490782502
ACANTHAT,72.85744196313001,-36.45744196313001,109.31488392626002
ACCOAC,87.98616294469502,-80.13690331458503,168.12306625928005
ACGAMK,68.55744196313,-40.75744196313001,109.31488392626002
ACCOAL,67.78616294469501,-96.18616294469501,163.97232588939002
ACGAMT,50.117441963130005,-59.19744196313001,109.31488392626002
ACGK,24.05744196313001,-85.25744196313002,109.31488392626002
ACGS,85.15744196313001,-24.15744196313001,109.31488392626002
ACHBS,77.80818233302001,-21.993081473637005,99.80126380665702
ACKr,40.95744196313001,-68.35744196313001,109.31488392626002
ACKr_reverse,68.35744196313001,-40.95744196313001,109.31488392626002
ACLS,88.20818233302,-11.59308147363701,99.80126380665702
ACM6PH,70.646549293025,-11.339613651670007,81.98616294469501
ACNML,56.846549293025014,-25.139613651670004,81.98616294469502
ACOAD1f,14.657441963130012,-94.65744196313,109.31488392626001
ACOAD1fr,94.65744196313,-14.657441963130012,109.31488392626001
ACOAD2f,9.457441963130009,-99.85744196313001,109.31488392626002
ACOAD2f_reverse,99.85744196313001,-9.457441963130009,109.31488392626002
ACOAD3f,5.55744196313001,-103.75744196313002,109.31488392626002
ACOAD3f_reverse,103.75744196313002,-5.55744196313001,109.31488392626002
ACOAD4f,8.357441963130015,-100.95744196313001,109.31488392626002
ACOAD4f_reverse,100.95744196313001,-8.357441963130015,109.31488392626002
ACOAD5f,5.55744196313001,-103.75744196313002,109.31488392626002
ACOAD5f_reverse,103.75744196313002,-5.55744196313001,109.31488392626002
ACOAD6f,5.55744196313001,-103.75744196313002,109.31488392626002
ACOAD6f_reverse,103.75744196313002,-5.55744196313001,109.31488392626002
ACOAD7f,3.3574419631300145,-105.95744196313001,109.31488392626002
ACOAD8f_reverse,100.95744196313001,-8.357441963130015,109.31488392626002
ACOAD7f_reverse,105.95744196313001,-3.3574419631300145,109.31488392626002
ACOAD8f,8.357441963130015,-100.95744196313001,109.31488392626002
ACODA,64.24654929302501,-17.739613651670005,81.98616294469502
ACONTa,19.028720981565005,-35.62872098156501,54.65744196313001
ACONIs_reverse,31.02872098156501,-23.628720981565007,54.65744196313001
ACONIs,23.628720981565007,-31.02872098156501,54.65744196313001
ACONTa_reverse,35.62872098156501,-19.028720981565005,54.65744196313001
ACONTb,28.02872098156501,-26.628720981565007,54.65744196313001
ACONTb_reverse,26.628720981565007,-28.02872098156501,54.65744196313001
ACOTA,70.60818233817801,-42.857441963130015,113.46562430130803
ACOTA_reverse,42.857441963130015,-70.60818233817801,113.46562430130803
ACOXT,69.55744196313,-39.75744196313001,109.31488392626002
ACOXT_reverse,39.75744196313001,-69.55744196313,109.31488392626002
ACP1_FMN,95.34654929302502,13.360386348329996,81.98616294469502
ACS,88.28616294469501,-75.68616294469501,163.97232588939002
ADA,84.94654929302502,2.9603863483299975,81.98616294469502
ADCL,128.846549293025,46.86038634832999,81.986162944695
ADCS,71.05744196313,-38.25744196313001,109.31488392626002
ADD,84.04654929302501,2.060386348329992,81.98616294469502
ADK1,56.357441963130015,-52.95744196313001,109.31488392626002
ADK1_reverse,52.95744196313001,-56.357441963130015,109.31488392626002
ADK3,54.73744196313001,-54.57744196313001,109.31488392626002
ADK4,60.93744196313001,-48.37744196313001,109.31488392626002
ADK3_reverse,54.57744196313001,-54.73744196313001,109.31488392626002
ADK4_reverse,48.37744196313001,-60.93744196313001,109.31488392626002
ADMDC,88.297289662915,15.824746837822993,72.472542825092
ADNCYC,59.646549293025004,-22.339613651670007,81.98616294469501
ADNK1,69.35744196313001,-39.95744196313001,109.31488392626002
ADNUC,69.54654929302501,-12.439613651670005,81.98616294469501
ADPRDP,86.94654929302502,4.9603863483299975,81.98616294469502
ADSL1r,54.54654929302501,-27.43961365167,81.98616294469501
ADPT,73.55744196313,-35.75744196313001,109.31488392626002
ADSK,70.95744196313001,-38.357441963130015,109.31488392626002
ADSL1r_reverse,27.43961365167,-54.54654929302501,81.98616294469501
ADSL2r,52.446549293025015,-29.539613651670006,81.98616294469502
ADSL2r_reverse,29.539613651670006,-52.446549293025015,81.98616294469502
ADSS,75.48616294469502,-88.48616294469502,163.97232588939005
AGDC,72.34654929302502,-9.639613651670004,81.98616294469502
AGM3PH,78.54654929302501,-3.4396136516700047,81.98616294469501
AGM4PH,78.54654929302501,-3.4396136516700047,81.98616294469501
AGMHE,27.328720981565006,-27.328720981565006,54.65744196313001
AGPR,39.96833463323501,-96.67527027459002,136.64360490782502
AGMT,122.44654929302502,40.46038634833,81.98616294469502
AGPR_reverse,96.67527027459002,-39.96833463323501,136.64360490782502
AHCYSNS,79.54654929302501,-2.4396136516700047,81.98616294469501
AHGDx_reverse,88.40818233817802,-25.05744196313001,113.46562430130803
AHGDx,25.05744196313001,-88.40818233817802,113.46562430130803
AI2K,82.15744196313,-27.15744196313001,109.31488392626001
AICART,46.45744196313001,-62.857441963130015,109.31488392626002
AIRC2,144.08616294469502,-24.036903314585025,168.12306625928005
AICART_reverse,62.857441963130015,-46.45744196313001,109.31488392626002
AIRC3_reverse,65.42872098156501,10.771279018434996,54.65744196313001
AIRC3,65.42872098156501,10.771279018434996,54.65744196313001
AKGDH,117.48764368963302,-41.121802455202015,158.60944614483503
ALAALAD,66.846549293025,-15.139613651670004,81.98616294469501
ALAALAr,108.386162944695,-55.58616294469502,163.97232588939002
ALAALAr_reverse,55.58616294469502,-108.386162944695,163.97232588939002
ALAGLUE,27.928720981565007,-26.728720981565004,54.65744196313001
ALAGLUE_reverse,26.728720981565004,-27.928720981565007,54.65744196313001
ALAR,27.328720981565006,-27.328720981565006,54.65744196313001
ALAR_reverse,27.328720981565006,-27.328720981565006,54.65744196313001
ALATA_D2,53.15744196313001,-56.15744196313001,109.31488392626002
ALATA_L,59.00818233817802,-54.45744196313001,113.46562430130803
ALATA_L_reverse,54.45744196313001,-59.00818233817802,113.46562430130803
ALATA_L2,53.56744196313001,-55.747441963130015,109.31488392626002
ALCD19,91.35744196313001,-17.95744196313001,109.31488392626002
ALCD19_reverse,17.95744196313001,-91.35744196313001,109.31488392626002
ALCD2x,35.857441963130015,-73.45744196313001,109.31488392626002
ALCD2x_reverse,73.45744196313001,-35.857441963130015,109.31488392626002
ALDD19xr,90.05744196313,-19.257441963130013,109.31488392626002
ALDD19xr_reverse,13.55744196313001,-95.75744196313002,109.31488392626002
ALDD2y,106.35744196313001,-2.957441963130009,109.31488392626002
ALDD3y,103.05744196313,-6.257441963130013,109.31488392626002
ALDD4,96.45744196313001,-12.857441963130015,109.31488392626002
ALLK,66.05744196313,-43.25744196313001,109.31488392626002
ALKP,77.04654929302501,-4.939613651670005,81.98616294469501
ALLPI_reverse,27.928720981565007,-26.728720981565004,54.65744196313001
ALLPI,26.728720981565004,-27.928720981565007,54.65744196313001
ALLTAMH2,92.61511797437501,-7.186145832282001,99.801263806657
ALLTN,81.02872098156502,26.371279018434997,54.65744196313002
ALLULPE,31.228720981565004,-23.428720981565007,54.65744196313001
ALLULPE_reverse,23.428720981565007,-31.228720981565004,54.65744196313001
ALR2,73.25744196313002,-36.05744196313001,109.31488392626002
ALR2x,72.25744196313002,-37.05744196313001,109.31488392626002
ALR4x,75.25744196313002,-34.05744196313001,109.31488392626002
ALTRH,64.728720981565,10.071279018434993,54.65744196313001
AM3PA,64.84654929302502,-17.139613651670004,81.98616294469502
AM4PA,64.84654929302502,-17.139613651670004,81.98616294469502
AMALT1,55.82744196313001,-53.48744196313001,109.31488392626002
AMALT2,55.857441963130015,-53.45744196313001,109.31488392626002
AMALT3,55.857441963130015,-53.45744196313001,109.31488392626002
AMALT4,55.857441963130015,-53.45744196313001,109.31488392626002
AMANAPEr,29.528720981565005,-25.128720981565003,54.65744196313001
AMANAPEr_reverse,25.128720981565003,-29.528720981565005,54.65744196313001
AMAOTr,55.95744196313001,-53.357441963130015,109.31488392626002
AMANK,70.15744196313001,-39.15744196313001,109.31488392626002
AMAOTr_reverse,53.357441963130015,-55.95744196313001,109.31488392626002
AMPMS2,368.49309858605005,204.52077269666,163.97232588939005
AMPTASECG,58.146549293025004,-23.839613651670007,81.98616294469501
AMPTASEPG,66.84654929302502,-15.139613651670004,81.98616294469502
ANHMK,52.15744196313001,-57.15744196313001,109.31488392626002
AMPN,82.44654929302502,0.4603863483299939,81.98616294469502
ANPRT,110.95744196313001,1.6425580368699855,109.31488392626002
ANS,172.57527027459,35.93166536676499,136.64360490782502
AP4AH,104.84654929302502,22.860386348329996,81.98616294469502
AOBUTDs,84.69728966291501,12.224746837822998,72.472542825092
AP4AS,55.81744196313001,-53.497441963130015,109.31488392626002
AP5AH,104.84654929302502,22.860386348329996,81.98616294469502
APH120,113.44654929302502,31.460386348329997,81.98616294469502
APH140,113.44654929302502,31.460386348329997,81.98616294469502
APH141,113.44654929302502,31.460386348329997,81.98616294469502
APH160,113.44654929302502,31.460386348329997,81.98616294469502
APH161,113.44654929302502,31.460386348329997,81.98616294469502
APH180,113.44654929302502,31.460386348329997,81.98616294469502
APH181,113.44654929302502,31.460386348329997,81.98616294469502
APPLDHr,71.55744196313,-37.75744196313001,109.31488392626002
APPLDHr_reverse,37.75744196313001,-71.55744196313,109.31488392626002
APRAUR,79.25744196313002,-30.05744196313001,109.31488392626002
ARABDI,22.02872098156501,-32.628720981565,54.65744196313001
ARABDI_reverse,32.628720981565,-22.02872098156501,54.65744196313001
ARAI,22.428720981565007,-32.228720981565004,54.65744196313001
ARAI_reverse,32.228720981565004,-22.428720981565007,54.65744196313001
ARGDC,80.99728966291502,8.524746837822995,72.47254282509203
ARGSL_reverse,29.739613651670005,-52.24654929302501,81.98616294469502
ARGSL,52.24654929302501,-29.739613651670005,81.98616294469502
ARGSS,84.98616294469502,-78.98616294469502,163.97232588939005
ARHGDx,29.45744196313001,-84.00818233817802,113.46562430130803
ARHGDx_reverse,84.00818233817802,-29.45744196313001,113.46562430130803
ASAD,62.46833463323501,-74.17527027459002,136.64360490782502
ASAD_reverse,74.17527027459002,-62.46833463323501,136.64360490782502
ASNN,81.146549293025,-0.8396136516700068,81.98616294469501
ASNS1,153.603991256155,-37.697055614800014,191.30104687095502
ASNS2,104.68616294469501,-59.28616294469501,163.97232588939002
ASP1DC,86.99728966291502,14.524746837822995,72.47254282509203
ASPCT,76.35744196313001,-32.95744196313001,109.31488392626002
ASPK,36.25744196313001,-73.05744196313,109.31488392626002
ASPK_reverse,73.05744196313,-36.25744196313001,109.31488392626002
ASPO3,75.05744196313,-34.25744196313001,109.31488392626002
ASPO4,38.95744196313001,-70.35744196313001,109.31488392626002
ASPO5,53.50744196313002,-55.80744196313001,109.31488392626002
ASPT,50.846549293025014,-31.139613651670004,81.98616294469502
ASPO6,111.880708053436,14.442558036869983,97.43815001656601
ASPTA,55.90818233817802,-57.55744196313001,113.46562430130803
ASPTA_reverse,57.55744196313001,-55.90818233817802,113.46562430130803
AST,74.05744196313,-35.25744196313001,109.31488392626002
ASR,170.868334633235,34.22472972540998,136.64360490782502
ATHRDHr,39.15744196313001,-70.15744196313001,109.31488392626002
ATHRDHr_reverse,70.15744196313001,-39.15744196313001,109.31488392626002
ATPHs,119.746549293025,37.760386348329995,81.986162944695
ATPM,93.246549293025,11.260386348329995,81.986162944695
BETALDHx,96.15744196313,-13.157441963130012,109.31488392626001
BETALDHy,95.15744196313,-14.157441963130012,109.31488392626001
BGLA1,83.94654929302502,1.9603863483299975,81.98616294469502
BPNT,75.04654929302501,-6.939613651670005,81.98616294469501
BUTCT,50.58744196313001,-58.72744196313002,109.31488392626002
CAT,210.33961365167,140.23018461666896,70.10942903500103
CBMD,72.99728966291502,0.5247468378229954,72.47254282509203
CBMKr,11.903974143742005,-115.22601064448003,127.12998478822203
CBMKr_reverse,115.22601064448003,-11.903974143742005,127.12998478822203
CBPS,160.13271223772,-89.97651696625502,250.10922920397502
CDPPH,90.94654929302502,8.960386348329997,81.98616294469502
CDPMEK,62.55744196313001,-46.75744196313001,109.31488392626002
CHOLID,51.15744196313001,-58.15744196313001,109.31488392626002
CHORM,48.42872098156501,-6.228720981565004,54.65744196313001
CHORS,112.84654929302502,30.86038634832999,81.98616294469502
CHRPL,152.846549293025,70.86038634833,81.986162944695
CINNDO,420.89160072354105,296.1247297254099,124.76687099813114
CITL,60.14654929302501,-21.839613651670007,81.98616294469502
CMPN,77.24654929302501,-4.739613651670005,81.98616294469502
CPPPGO,441.50001710467603,335.76038634575093,105.7396307589251
CRNCAR,24.728720981565004,-29.928720981565007,54.65744196313001
CRNCAR_reverse,29.928720981565007,-24.728720981565004,54.65744196313001
CSND,91.54654929302501,9.560386348329992,81.98616294469502
CS,92.15744196313,-17.15744196313001,109.31488392626001
CTECOAI6,27.328720981565006,-27.328720981565006,54.65744196313001
CTECOAI6_reverse,27.328720981565006,-27.328720981565006,54.65744196313001
CTECOAI7_reverse,27.328720981565006,-27.328720981565006,54.65744196313001
CTECOAI7,27.328720981565006,-27.328720981565006,54.65744196313001
CTECOAI8,27.328720981565006,-27.328720981565006,54.65744196313001
CTECOAI8_reverse,27.328720981565006,-27.328720981565006,54.65744196313001
CTPS2,134.703991256155,-56.59705561480001,191.30104687095502
CURR,101.75744196313002,-7.55744196313001,109.31488392626002
CYSDS,107.66437760448503,-1.650506321775005,109.31488392626002
CYNTAH,140.17675101437004,18.40964597586099,121.76710503850904
CYSDDS,98.26437760448502,-11.050506321775003,109.31488392626002
CYSS,103.75744196313002,-5.55744196313001,109.31488392626002
CYSTA,75.708182338178,-37.75744196313001,113.46562430130803
CYSTL,100.96437760448501,-8.350506321775004,109.31488392626001
CYTD,79.24654929302501,-2.7396136516700054,81.98616294469502
CYTDH,63.64654929302501,-18.339613651670007,81.98616294469502
CYTDK1,68.15744196313001,-41.15744196313001,109.31488392626002
CYTDK2,65.65744196313001,-43.65744196313001,109.31488392626002
CYTK1,57.05744196313001,-52.25744196313001,109.31488392626002
CYTK1_reverse,52.25744196313001,-57.05744196313001,109.31488392626002
CYTK2,56.95744196313001,-52.357441963130015,109.31488392626002
CYTK2_reverse,52.357441963130015,-56.95744196313001,109.31488392626002
DADA,82.54654929302501,0.5603863483299918,81.98616294469502
DADK,54.25744196313001,-55.05744196313,109.31488392626002
DAAD,120.57527027459,-16.06833463323501,136.64360490782502
DADK_reverse,55.05744196313,-54.25744196313001,109.31488392626002
DAGK140,72.65744196313001,-36.65744196313001,109.31488392626002
DAGK120,72.65744196313001,-36.65744196313001,109.31488392626002
DAGK141,72.65744196313001,-36.65744196313001,109.31488392626002
DAGK181,72.65744196313001,-36.65744196313001,109.31488392626002
DAGK160,72.65744196313001,-36.65744196313001,109.31488392626002
DAGK161,72.65744196313001,-36.65744196313001,109.31488392626002
DAGK180,72.65744196313001,-36.65744196313001,109.31488392626002
DAPE,29.02872098156501,-25.628720981565007,54.65744196313001
DAPAL,105.46437760448501,-3.8505063217750077,109.31488392626002
DAPE_reverse,25.628720981565007,-29.02872098156501,54.65744196313001
DAPDC,83.297289662915,10.824746837822993,72.472542825092
DATPHs,84.04654929302501,2.060386348329992,81.98616294469502
DB4PS,149.146549293025,67.16038634833001,81.986162944695
DBTS,64.72180245520201,-89.73690331458502,154.45870576978703
DCTPD,89.24654929302501,7.260386348329995,81.98616294469502
DCYTD,85.94654929302502,3.9603863483299975,81.98616294469502
DDGALK,70.75744196313002,-38.55744196313001,109.31488392626002
DDGLK,77.55744196313,-31.757441963130013,109.31488392626002
DDPA,123.55744196313,14.242558036869994,109.31488392626001
DDPGALA,51.64654929302501,-30.339613651670007,81.98616294469502
DDPGALA_reverse,30.339613651670007,-51.64654929302501,81.98616294469502
DGK1,53.75744196313001,-55.55744196313,109.31488392626002
DGK1_reverse,55.55744196313,-53.75744196313001,109.31488392626002
DHACOAH,28.048720981565005,-26.608720981565007,54.65744196313001
DHACOAH_reverse,26.608720981565007,-28.048720981565005,54.65744196313001
DHAD1,62.828720981565,8.171279018434994,54.657441963130005
DHAD2,62.828720981565,8.171279018434994,54.657441963130005
DHBD,84.05744196313,-25.257441963130013,109.31488392626002
DHBD_reverse,25.257441963130013,-84.05744196313,109.31488392626002
DHAPT,96.05744196313,-13.257441963130013,109.31488392626002
DHBSH,60.27654929302501,-21.709613651670004,81.98616294469502
DHCINDO,265.262879741976,195.15345070697498,70.10942903500103
DHCIND,84.15744196313,-25.15744196313001,109.31488392626001
DHDPRy,76.25744196313002,-33.05744196313001,109.31488392626002
DHCURR,101.75744196313002,-7.55744196313001,109.31488392626002
DHDPS,131.23961365167,49.253450706974995,81.986162944695
DHFR,78.65744196313001,-30.65744196313001,109.31488392626002
DHFR_reverse,30.65744196313001,-78.65744196313001,109.31488392626002
DHMPTR,30.65744196313001,-78.65744196313001,109.31488392626002
DHNCOAS,101.728720981565,47.071279018435,54.657441963130005
DHNCOAT,89.74654929302501,7.760386348329995,81.98616294469502
DHNPA2r_reverse,29.239613651670005,-52.74654929302501,81.98616294469502
DHORD2,126.55744196313,17.242558036869994,109.31488392626001
DHORD5,90.45744196313001,-18.857441963130015,109.31488392626002
DHORDfum,105.05744196313,-4.257441963130006,109.31488392626001
DHORTS,33.828720981565006,-20.828720981565006,54.65744196313001
DHORTS_reverse,20.828720981565006,-33.828720981565006,54.65744196313001
DHPPD,84.15744196313,-25.15744196313001,109.31488392626001
DHPS2,105.25744196313002,-4.057441963130017,109.31488392626004
DHPTPE,27.328720981565006,-27.328720981565006,54.65744196313001
DKGLCNR1,88.45744196313001,-20.857441963130015,109.31488392626002
DHPTPE_reverse,27.328720981565006,-27.328720981565006,54.65744196313001
DHQS,195.746549293025,113.76038634833,81.986162944695
DHQTi,32.628720981565,-22.028720981565005,54.65744196313001
DKGLCNR2x,80.35744196313001,-28.957441963130012,109.31488392626002
DMATT,128.05744196313,18.742558036869994,109.31488392626001
DKGLCNR2y,78.45744196313001,-30.85744196313001,109.31488392626002
DMSOR1,258.65744196313,149.34255803687,109.31488392626
DMSOR2,258.65744196313,149.34255803687,109.31488392626
DMPPS,121.05744196313,11.742558036869994,109.31488392626001
DNMPPA,79.24654929302501,-2.7396136516700054,81.98616294469502
DNTPPA,109.246549293025,27.260386348329995,81.986162944695
DOGULNR,72.45744196313001,-36.857441963130015,109.31488392626002
DPR,72.35744196313001,-36.95744196313001,109.31488392626002
DPCOAK,53.75744196313001,-55.55744196313,109.31488392626002
DRPA,44.446549293025015,-37.53961365167001,81.98616294469502
DSERDHr,31.15744196313001,-78.15744196313001,109.31488392626002
DSERDHr_reverse,78.15744196313001,-31.15744196313001,109.31488392626002
DTARTD,62.628720981565,7.971279018434991,54.65744196313001
DTMPK,57.357441963130015,-51.95744196313001,109.31488392626002
DTMPK_reverse,51.95744196313001,-57.357441963130015,109.31488392626002
DURADx,55.75744196313002,-53.55744196313001,109.31488392626002
DURADx_reverse,53.55744196313001,-55.75744196313002,109.31488392626002
DURIK1,70.45744196313001,-38.857441963130015,109.31488392626002
DURIPP_reverse,57.95744196313001,-51.357441963130015,109.31488392626002
DURIPP,51.357441963130015,-57.95744196313001,109.31488392626002
DUTPDP,107.04654929302501,25.060386348329992,81.98616294469502
DXPRIi,75.05744196313,-34.25744196313001,109.31488392626002
DXPS,84.90818233302002,-14.893081473637007,99.80126380665703
DXYLTD,69.228720981565,14.571279018434993,54.65744196313001
DXYLK,66.95744196313001,-42.357441963130015,109.31488392626002
E4PD_reverse,7.3574419631300145,-101.95744196313001,109.31488392626002
DXYLTD_reverse,-14.571279018434993,-69.228720981565,54.65744196313001
E4PD,101.95744196313001,-7.3574419631300145,109.31488392626002
E4PP,81.146549293025,-0.8396136516700068,81.98616294469501
ECOAH1,23.52872098156501,-31.128720981565007,54.65744196313001
ECOAH1_reverse,31.128720981565007,-23.52872098156501,54.65744196313001
ECOAH2,26.328720981565006,-28.328720981565006,54.65744196313001
ECOAH2_reverse,28.328720981565006,-26.328720981565006,54.65744196313001
ECOAH3,26.628720981565003,-28.028720981565005,54.65744196313001
ECOAH3_reverse,28.028720981565005,-26.628720981565003,54.65744196313001
ECOAH4,26.628720981565003,-28.028720981565005,54.65744196313001
ECOAH4_reverse,28.028720981565005,-26.628720981565003,54.65744196313001
ECOAH5,26.628720981565003,-28.028720981565005,54.65744196313001
ECOAH5_reverse,28.028720981565005,-26.628720981565003,54.65744196313001
ECOAH6,26.628720981565003,-28.028720981565005,54.65744196313001
ECOAH7,26.628720981565003,-28.028720981565005,54.65744196313001
ECOAH6_reverse,28.028720981565005,-26.628720981565003,54.65744196313001
ECOAH7_reverse,28.028720981565005,-26.628720981565003,54.65744196313001
ECOAH8,26.66872098156501,-27.988720981565006,54.65744196313001
ECOAH8_reverse,27.988720981565006,-26.66872098156501,54.65744196313001
EDA,49.24654929302501,-32.739613651670005,81.98616294469502
ENO,31.428720981565007,-23.228720981565004,54.65744196313001
ENO_reverse,23.228720981565004,-31.428720981565007,54.65744196313001
ENTCS,270.89015420085,-84.38321855949499,355.273372760345
EDD,70.42872098156501,15.771279018434996,54.65744196313001
ENTERES,272.164377604485,162.849493678225,109.31488392626002
ETHAAL,101.146549293025,19.160386348329993,81.98616294469501
F1PP,75.24654929302501,-6.739613651670005,81.98616294469502
F6PA,46.14654929302501,-35.83961365167001,81.98616294469502
F6PP,76.54654929302501,-5.439613651670005,81.98616294469501
F6PA_reverse,35.83961365167001,-46.14654929302501,81.98616294469502
FACOAE100,89.74654929302501,7.760386348329995,81.98616294469502
FACOAE120,89.74654929302501,7.760386348329995,81.98616294469502
FACOAE140,89.74654929302501,7.760386348329995,81.98616294469502
FACOAE141,89.74654929302501,7.760386348329995,81.98616294469502
FACOAE160,89.94654929302502,7.960386348329994,81.98616294469502
FACOAE161,89.94654929302502,7.960386348329994,81.98616294469502
FACOAE180,92.646549293025,10.660386348329993,81.98616294469501
FACOAE181,89.74654929302501,7.760386348329995,81.98616294469502
FADRx2,66.95744196313001,-42.357441963130015,109.31488392626002
FACOAE60,89.74654929302501,7.760386348329995,81.98616294469502
FACOAE80,89.74654929302501,7.760386348329995,81.98616294469502
FALGTHLs_reverse,53.04654929302501,-28.93961365167,81.98616294469501
FALDH2,74.65744196313001,-34.65744196313001,109.31488392626002
FADRx,65.95744196313001,-43.357441963130015,109.31488392626002
FALDH2_reverse,34.65744196313001,-74.65744196313001,109.31488392626002
FALGTHLs,28.93961365167,-53.04654929302501,81.98616294469501
FBA3,52.24654929302501,-29.739613651670005,81.98616294469502
FBA,44.74654929302501,-37.239613651670005,81.98616294469502
FBA3_reverse,29.739613651670005,-52.24654929302501,81.98616294469502
FBA_reverse,37.239613651670005,-44.74654929302501,81.98616294469502
FBP,76.146549293025,-5.839613651670007,81.98616294469501
FCI,21.848720981565005,-32.808720981565,54.65744196313001
FCI_reverse,32.808720981565,-21.848720981565005,54.65744196313001
FCLK,75.45744196313001,-33.857441963130015,109.31488392626002
FCLPA,44.946549293025015,-37.03961365167001,81.98616294469502
FCLPA_reverse,37.03961365167001,-44.946549293025015,81.98616294469502
FE3Ri,271.986162944695,108.013837055305,163.97232588939002
FHL,74.47728966291501,2.004746837822996,72.47254282509202
FLDR2,66.38616294469502,-97.58616294469502,163.97232588939005
FLVR,38.357441963130015,-70.95744196313001,109.31488392626002
FLVRx,37.357441963130015,-71.95744196313001,109.31488392626002
FMNAT,68.05744196313,-41.25744196313001,109.31488392626002
FMNRx2,74.45744196313001,-34.857441963130015,109.31488392626002
FMNRx,73.45744196313001,-35.857441963130015,109.31488392626002
FORCT,53.05744196313001,-56.25744196313002,109.31488392626002
FRD3,69.15744196313001,-40.15744196313001,109.31488392626002
FRD2,69.15744196313001,-40.15744196313001,109.31488392626002
FRUK,71.45744196313001,-37.857441963130015,109.31488392626002
FORCT_reverse,56.25744196313002,-53.05744196313001,109.31488392626002
FRULYSDG,60.93654929302501,-21.049613651670008,81.98616294469502
FRULYSE,27.428720981565007,-27.228720981565004,54.65744196313001
FRULYSK,64.95744196313001,-44.357441963130015,109.31488392626002
FRULYSDG_reverse,21.049613651670008,-60.93654929302501,81.98616294469502
FRULYSE_reverse,27.228720981565004,-27.428720981565007,54.65744196313001
FTHFD,89.146549293025,7.160386348329993,81.98616294469501
FTHFLi,86.08616294469502,-77.88616294469502,163.97232588939005
FUM,30.728720981565004,-23.928720981565007,54.65744196313001
FUM_reverse,23.928720981565007,-30.728720981565004,54.65744196313001
G1PP,80.94654929302502,-1.0396136516700025,81.98616294469502
G1PACT,73.15744196313001,-36.15744196313001,109.31488392626002
G1PTT,55.25744196313001,-54.05744196313,109.31488392626002
G1SAT,35.128720981565,-19.528720981565005,54.65744196313001
G3PD6,76.85744196313001,-32.45744196313001,109.31488392626002
G2PP,88.146549293025,6.160386348329993,81.98616294469501
G3PD2_reverse,79.05744196313,-30.257441963130013,109.31488392626002
G1SAT_reverse,19.528720981565005,-35.128720981565,54.65744196313001
G3PD2,30.257441963130013,-79.05744196313,109.31488392626002
G3PT,75.34654929302502,-6.639613651670004,81.98616294469502
G3PD5,112.95744196313001,3.6425580368699855,109.31488392626002
G6PDA,62.04654929302501,-19.939613651670005,81.98616294469501
G5SADs,18.528720981565005,-36.12872098156501,54.65744196313001
G3PD7,76.85744196313001,-32.45744196313001,109.31488392626002
G6PDH2r_reverse,49.45744196313001,-59.857441963130015,109.31488392626002
G6PP,73.54654929302501,-8.439613651670005,81.98616294469501
G5SD,98.97527027459,-37.66833463323501,136.64360490782502
GALCTLO,40.15744196313001,-69.15744196313001,109.31488392626002
G6PDH2r,59.857441963130015,-49.45744196313001,109.31488392626002
GALCTND,69.228720981565,14.571279018434993,54.65744196313001
GALCTD,69.228720981565,14.571279018434993,54.65744196313001
GALKr,68.15744196313001,-41.15744196313001,109.31488392626002
GALS3,75.44654929302502,-6.539613651670006,81.98616294469502
GALKr_reverse,41.15744196313001,-68.15744196313001,109.31488392626002
GAPD,40.16833463323501,-96.47527027459,136.64360490782502
GALT1,71.25744196313002,-38.05744196313001,109.31488392626002
GALUi,53.15744196313001,-56.15744196313001,109.31488392626002
GAPD_reverse,96.47527027459,-40.16833463323501,136.64360490782502
GARFT,52.357441963130015,-56.95744196313001,109.31488392626002
GARFT_reverse,56.95744196313001,-52.357441963130015,109.31488392626002
GAPP,67.54654929302501,-14.439613651670005,81.98616294469501
GART,83.78616294469501,-80.18616294469501,163.97232588939002
GCALDD,119.15744196313,9.842558036869988,109.31488392626001
GDMANE,26.52872098156501,-28.128720981565007,54.65744196313001
GDPDPK,57.25744196313001,-52.05744196313001,109.31488392626002
GDPMNP,97.54654929302501,15.560386348329992,81.98616294469502
GDPMNH,82.94654929302502,0.9603863483299939,81.98616294469502
GF6PTA,68.35744196313001,-40.95744196313001,109.31488392626002
GGGABADr,96.35744196313001,-12.957441963130009,109.31488392626002
GGGABADr_reverse,12.957441963130009,-96.35744196313001,109.31488392626002
GGGABAH,81.24654929302501,-0.7396136516700054,81.98616294469502
GGPTRCS,102.78616294469501,-61.18616294469501,163.97232588939002
GGPTRCO,174.398536364896,49.631665366764985,124.766870998131
GHBDHx,51.95744196313001,-57.357441963130015,109.31488392626002
GHBDHx_reverse,57.357441963130015,-51.95744196313001,109.31488392626002
GHMT2r,61.25744196313001,-48.05744196313,109.31488392626002
GHMT2r_reverse,48.05744196313,-61.25744196313001,109.31488392626002
GK1,57.25744196313001,-52.05744196313001,109.31488392626002
GK1_reverse,52.05744196313001,-57.25744196313001,109.31488392626002
GLCATr_reverse,53.15744196313001,-56.15744196313001,109.31488392626002
GLCATr,56.15744196313001,-53.15744196313001,109.31488392626002
GLCP,9.439613651670005,-72.54654929302501,81.98616294469501
GLCP2,9.439613651670005,-72.54654929302501,81.98616294469501
GLCRD,69.228720981565,14.571279018434993,54.65744196313001
GLCRAL,42.946549293025015,-39.03961365167001,81.98616294469502
GLCS1,77.74654929302501,-4.239613651670005,81.98616294469502
GLCTR3,67.45744196313001,-41.857441963130015,109.31488392626002
GLCTR1,67.45744196313001,-41.857441963130015,109.31488392626002
GLGC,61.75744196313001,-47.55744196313001,109.31488392626002
GLTPD,43.357441963130015,-65.95744196313001,109.31488392626002
GLNS,98.98616294469502,-64.98616294469502,163.97232588939005
GLTPD_reverse,65.95744196313001,-43.357441963130015,109.31488392626002
GLU5K,27.857441963130015,-81.45744196313001,109.31488392626002
GLUDy_reverse,84.71907500828301,-56.07527027459002,140.79434528287302
GLUCYS,115.18616294469501,-48.786162944695015,163.97232588939002
GLUN,76.24654929302501,-5.739613651670005,81.98616294469502
GLUDC,90.99728966291502,18.524746837823,72.47254282509202
GLUDy,56.07527027459002,-84.71907500828301,140.79434528287302
GLUPRT,149.17527027459002,12.53166536676499,136.64360490782502
GLUR,27.928720981565007,-26.728720981565004,54.65744196313001
GLUR_reverse,26.728720981565004,-27.928720981565007,54.65744196313001
GLXCL,75.60818233302001,-24.193081473637008,99.80126380665702
GLUSy,133.63690331974303,-34.48616294469502,168.12306626443805
GLYAT,17.857441963130015,-91.45744196313001,109.31488392626002
GLYAT_reverse,91.45744196313001,-17.857441963130015,109.31488392626002
GLYCDx,32.95744196313001,-76.35744196313001,109.31488392626002
GLYCK,68.15744196313001,-41.15744196313001,109.31488392626002
GLYCL,101.05473162604503,-80.73269512530702,181.78742675135203
GLYCLTDx,96.35744196313001,-12.957441963130009,109.31488392626002
GLYCLTDy,97.35744196313001,-11.957441963130009,109.31488392626002
GLYCK2,63.95744196313001,-45.357441963130015,109.31488392626002
GLYCTO2,94.75744196313002,-14.55744196313001,109.31488392626002
GLYCTO3,58.70744196313001,-50.607441963130015,109.31488392626002
GLYK,72.65744196313001,-36.65744196313001,109.31488392626002
GLYOX,97.646549293025,15.660386348329993,81.98616294469501
GLYOX3,83.62872098156501,28.97127901843499,54.65744196313002
GLYCTO4,58.75744196313002,-50.55744196313001,109.31488392626002
GMHEPAT,64.35744196313001,-44.95744196313001,109.31488392626002
GMAND,83.42872098156501,28.771279018434996,54.65744196313001
GMHEPPA,74.206549293025,-7.7796136516700045,81.98616294469501
GND,85.02601064448001,-42.10397414374201,127.12998478822202
GMHEPK,63.99744196313001,-45.31744196313001,109.31488392626002
GNK,67.25744196313002,-42.05744196313001,109.31488392626002
GNP,73.54654929302501,-8.439613651670005,81.98616294469501
GP4GH,104.84654929302502,22.860386348329996,81.98616294469502
GOFUCR,59.15744196313001,-50.15744196313001,109.31488392626002
GPDDA1,72.84654929302502,-9.139613651670004,81.98616294469502
GPDDA2,68.04654929302501,-13.939613651670005,81.98616294469501
GPDDA3,74.94654929302502,-7.039613651670006,81.98616294469502
GPDDA4,75.34654929302502,-6.639613651670004,81.98616294469502
GRTT,129.75744196313,20.442558036869983,109.31488392626001
GRXR,38.86833463323501,-97.77527027459001,136.64360490782502
GSPMDA,67.84654929302502,-14.139613651670004,81.98616294469502
GSNK,77.75744196313002,-31.55744196313001,109.31488392626002
GSPMDS,107.386162944695,-56.58616294469502,163.97232588939002
GTHOr,106.67527027459002,-29.96833463323501,136.64360490782502
GTHOr_reverse,29.96833463323501,-106.67527027459002,136.64360490782502
GTHPi,317.150506321775,207.83562239551497,109.31488392626005
GTPHs,119.746549293025,37.760386348329995,81.986162944695
GTHS,109.08616294469502,-54.886162944695016,163.97232588939005
GTPDPDP,90.84654929302502,8.860386348329996,81.98616294469502
GUAPRT,85.05744196313,-24.257441963130013,109.31488392626002
GUACYC,59.64654929302501,-22.339613651670007,81.98616294469502
GUI2,25.928720981565007,-28.728720981565004,54.65744196313001
GUI2_reverse,28.728720981565004,-25.928720981565007,54.65744196313001
GUI1,26.728720981565004,-27.928720981565007,54.65744196313001
GUI1_reverse,27.928720981565007,-26.728720981565004,54.65744196313001
H2SO,782.397038502387,696.835622395515,85.561416106872
HACD1_reverse,39.55744196313001,-69.75744196313002,109.31488392626002
HACD1,69.75744196313002,-39.55744196313001,109.31488392626002
HACD2_reverse,32.95744196313001,-76.35744196313001,109.31488392626002
HACD2,76.35744196313001,-32.95744196313001,109.31488392626002
HACD3,72.35744196313001,-36.95744196313001,109.31488392626002
HACD3_reverse,36.95744196313001,-72.35744196313001,109.31488392626002
HACD4,72.35744196313001,-36.95744196313001,109.31488392626002
HACD5,72.35744196313001,-36.95744196313001,109.31488392626002
HACD4_reverse,36.95744196313001,-72.35744196313001,109.31488392626002
HACD5_reverse,36.95744196313001,-72.35744196313001,109.31488392626002
HACD6_reverse,36.95744196313001,-72.35744196313001,109.31488392626002
HACD6,72.35744196313001,-36.95744196313001,109.31488392626002
HACD7,72.35744196313001,-36.95744196313001,109.31488392626002
HACD7_reverse,36.95744196313001,-72.35744196313001,109.31488392626002
HACD8_reverse,34.05744196313001,-75.25744196313002,109.31488392626002
HADPCOADH3,36.857441963130015,-72.45744196313001,109.31488392626002
HACD8,75.25744196313002,-34.05744196313001,109.31488392626002
HBZOPT,132.75744196313,23.442558036869983,109.31488392626001
HADPCOADH3_reverse,72.45744196313001,-36.857441963130015,109.31488392626002
HEX1,74.45744196313001,-34.857441963130015,109.31488392626002
HCO3E,23.815100861962005,-25.479461351455008,49.29456221341701
HCO3E_reverse,25.479461351455008,-23.815100861962005,49.29456221341701
HEX4,73.95744196313001,-35.357441963130015,109.31488392626002
HEX7,71.85744196313001,-37.45744196313001,109.31488392626002
HISTD,94.88616294469503,-69.08616294469502,163.97232588939005
HISTP,83.44654929302502,1.4603863483299975,81.98616294469502
HOPNTAL,54.54654929302501,-27.439613651670005,81.98616294469501
HPPK2,66.25744196313002,-43.05744196313001,109.31488392626002
HKNDDH,120.04654929302501,38.06038634832999,81.98616294469502
HKNTDH,120.146549293025,38.16038634833,81.986162944695
HMBS,275.23271223772,29.274223403634977,245.95848883408505
HMPK1,69.25744196313002,-40.05744196313001,109.31488392626002
HPYRP,82.54654929302501,0.5603863483299918,81.98616294469502
HPPPNDO,265.262879741976,195.15345070697498,70.10942903500103
HPYRI_reverse,28.728720981565004,-25.928720981565007,54.65744196313001
HPYRI,25.928720981565007,-28.728720981565004,54.65744196313001
HPYRRy,84.65744196313001,-24.65744196313001,109.31488392626002
HSDy,33.65744196313001,-75.65744196313001,109.31488392626002
HSDy_reverse,75.65744196313001,-33.65744196313001,109.31488392626002
HSK,87.95744196313001,-21.357441963130015,109.31488392626002
HPYRRx,83.65744196313001,-25.65744196313001,109.31488392626002
HSST,78.85744196313001,-30.45744196313001,109.31488392626002
HSTPT,46.65744196313001,-66.80818233817801,113.46562430130803
HXAND,40.25744196313001,-69.05744196313,109.31488392626002
HXCT,59.647441963130014,-49.66744196313001,109.31488392626002
HXPRT,83.05744196313,-26.257441963130013,109.31488392626002
HYPOE,77.84654929302502,-4.139613651670004,81.98616294469502
ICDHyr,89.82601064448002,-41.45471451879,131.28072516327
ICDHyr_reverse,41.45471451879,-89.82601064448002,131.28072516327
ICHORS_copy1,26.328720981565006,-28.328720981565006,54.65744196313001
ICHORT,108.646549293025,26.660386348329993,81.98616294469501
ICL,56.04654929302501,-25.93961365167,81.98616294469501
ICHORS_copy2,26.328720981565006,-28.328720981565006,54.65744196313001
IDOND,72.45744196313001,-36.857441963130015,109.31488392626002
ICHORS_copy2_reverse,28.328720981565006,-26.328720981565006,54.65744196313001
IDOND_reverse,36.857441963130015,-72.45744196313001,109.31488392626002
IDOND2,73.45744196313001,-35.857441963130015,109.31488392626002
IGPDH,69.02872098156502,14.371279018434997,54.65744196313002
IGPS,151.997289662915,79.52474683782299,72.472542825092
ILETA,63.50818233817802,-49.95744196313001,113.46562430130803
ILETA_reverse,49.95744196313001,-63.50818233817802,113.46562430130803
IMPD,35.45744196313001,-73.85744196313001,109.31488392626002
IMPC,9.028720981565005,-45.62872098156501,54.65744196313001
INOSTO,419.46287974197605,349.35345070697497,70.10942903500109
IMPC_reverse,45.62872098156501,-9.028720981565005,54.65744196313001
INSH,68.74654929302501,-13.239613651670005,81.98616294469502
INOSTO_reverse,-349.35345070697497,-419.46287974197605,70.10942903500109
IPDDI,32.228720981565004,-22.428720981565007,54.65744196313001
IPDDI_reverse,22.428720981565007,-32.228720981565004,54.65744196313001
INSK,77.95744196313001,-31.357441963130015,109.31488392626002
IPMD,36.857441963130015,-72.45744196313001,109.31488392626002
IPPMIa,30.528720981565005,-24.128720981565003,54.65744196313001
IPDPS,116.15744196313,6.842558036869988,109.31488392626001
IPPMIa_reverse,24.128720981565003,-30.528720981565005,54.65744196313001
IPPMIb,30.52872098156501,-24.128720981565007,54.65744196313001
IPPMIb_reverse,24.128720981565007,-30.52872098156501,54.65744196313001
IPPS,82.85744196313001,-26.45744196313001,109.31488392626002
KARA1,35.857441963130015,-73.45744196313001,109.31488392626002
KARA1_reverse,73.45744196313001,-35.857441963130015,109.31488392626002
KARA2,76.25744196313002,-33.05744196313001,109.31488392626002
KDOCT2,92.65744196313,-16.65744196313001,109.31488392626001
KDOPP,76.44654929302502,-5.539613651670006,81.98616294469502
KARA2_reverse,33.05744196313001,-76.25744196313002,109.31488392626002
KDOPS,118.35744196313001,9.042558036869991,109.31488392626002
KDUI,29.828720981565006,-24.828720981565006,54.65744196313001
L_LACD2,111.85744196313001,2.542558036869991,109.31488392626002
L_LACD3,75.85744196313001,-33.45744196313001,109.31488392626002
LACZ,75.646549293025,-6.339613651670007,81.98616294469501
KG6PDC,78.59728966291502,6.124746837822997,72.47254282509202
LALDO3,63.457441963130016,-45.857441963130015,109.31488392626002
LALDO2x,69.75744196313002,-39.55744196313001,109.31488392626002
LCARS,82.15744196313001,-27.15744196313001,109.31488392626002
LALGP,66.84654929302502,-15.139613651670004,81.98616294469502
LCADi,106.15744196313,-3.1574419631300117,109.31488392626001
LDH_D,33.05744196313001,-76.25744196313002,109.31488392626002
LCARS_reverse,27.15744196313001,-82.15744196313001,109.31488392626002
LCARSyi,27.15744196313001,-82.15744196313,109.31488392626001
LDH_D_reverse,76.25744196313002,-33.05744196313001,109.31488392626002
LDH_D2,114.95744196313001,5.6425580368699855,109.31488392626002
LEUTAi,53.45744196313001,-60.00818233817801,113.46562430130803
LGTHL,40.739613651670005,-41.24654929302501,81.98616294469502
LKDRA,46.74654929302501,-35.239613651670005,81.98616294469502
LKDRA_reverse,35.239613651670005,-46.74654929302501,81.98616294469502
LPADSS,78.35744196313001,-30.95744196313001,109.31488392626002
LSERDHr,36.65744196313001,-72.65744196313001,109.31488392626002
LYSAM,31.928720981565007,-22.728720981565004,54.65744196313001
LSERDHr_reverse,72.65744196313001,-36.65744196313001,109.31488392626002
LYSAM_reverse,22.728720981565004,-31.928720981565007,54.65744196313001
MALDDH,74.02601064448001,-53.10397414374201,127.12998478822202
LYSDC,91.297289662915,18.824746837822996,72.472542825092
M1PD,46.357441963130015,-62.95744196313001,109.31488392626002
M1PD_reverse,62.95744196313001,-46.357441963130015,109.31488392626002
MALTATr,57.357441963130015,-51.95744196313001,109.31488392626002
LYXI,14.628720981565007,-40.028720981565,54.65744196313001
MALS,90.25744196313002,-19.05744196313001,109.31488392626002
MAN1PT2,47.857441963130015,-61.45744196313001,109.31488392626002
MAN6PI,28.028720981565005,-26.628720981565003,54.65744196313001
MALTATr_reverse,51.95744196313001,-57.357441963130015,109.31488392626002
MANAO,43.45744196313001,-65.85744196313001,109.31488392626002
MANAO_reverse,65.85744196313001,-43.45744196313001,109.31488392626002
MAN6PI_reverse,26.628720981565003,-28.028720981565005,54.65744196313001
MANPGH,75.24654929302501,-6.739613651670005,81.98616294469502
MC6PH,95.646549293025,13.660386348329993,81.98616294469501
MCITD,28.128720981565007,-26.52872098156501,54.65744196313001
MCITL2,55.34654929302502,-26.639613651670004,81.98616294469502
MCITL2_reverse,26.639613651670004,-55.34654929302502,81.98616294469502
MCITS,96.75744196313002,-12.55744196313001,109.31488392626002
MCPST,136.55744196313,27.24255803687,109.31488392626
MDH,27.15744196313001,-82.15744196313001,109.31488392626002
MDH2,109.05744196313,-0.257441963130006,109.31488392626001
MDH3,72.95744196313001,-36.357441963130015,109.31488392626002
MDH_reverse,82.15744196313001,-27.15744196313001,109.31488392626002
ME2,82.22601064448003,-44.903974143742005,127.12998478822203
MEPCT,58.65744196313001,-50.65744196313001,109.31488392626002
METNA,85.15744196313001,-24.15744196313001,109.31488392626002
ME1,83.22601064448003,-43.903974143742005,127.12998478822203
METS,64.65744196313001,-44.65744196313001,109.31488392626002
METNA_reverse,24.15744196313001,-85.15744196313001,109.31488392626002
MGSA,120.84654929302502,38.86038634832999,81.98616294469502
MICITDr_reverse,28.128720981565007,-26.52872098156501,54.65744196313001
MI1PP,85.04654929302501,3.0603863483299953,81.98616294469501
MICITDr,26.52872098156501,-28.128720981565007,54.65744196313001
MLTG3,78.146549293025,-3.839613651670007,81.98616294469501
MLTG1,77.646549293025,-4.339613651670007,81.98616294469501
MLTG2,78.146549293025,-3.839613651670007,81.98616294469501
MLTG4,78.146549293025,-3.839613651670007,81.98616294469501
MLTP1_reverse,57.45744196313001,-51.857441963130015,109.31488392626002
MLTG5,78.146549293025,-3.839613651670007,81.98616294469501
MLTP2_reverse,57.45744196313001,-51.857441963130015,109.31488392626002
MLTP1,51.857441963130015,-57.45744196313001,109.31488392626002
MLTP2,51.857441963130015,-57.45744196313001,109.31488392626002
MLTP3,51.857441963130015,-57.45744196313001,109.31488392626002
MNNH,64.728720981565,10.071279018434993,54.65744196313001
MN6PP,74.34654929302502,-7.639613651670004,81.98616294469502
MOX,129.48070805343602,32.04255803686999,97.43815001656603
MPTAT,66.95744196313001,-42.357441963130015,109.31488392626002
MLTP3_reverse,57.45744196313001,-51.857441963130015,109.31488392626002
MSAR,76.65744196313001,-32.65744196313001,109.31488392626002
MMCD,85.59728966291502,13.124746837822997,72.47254282509202
MTHFC,33.128720981565,-21.528720981565005,54.65744196313001
MMM,19.758720981565006,-34.898720981565006,54.65744196313001
MTAN,76.44654929302502,-5.539613651670006,81.98616294469502
MTHFC_reverse,21.528720981565005,-33.128720981565,54.65744196313001
MTHFD,46.65744196313001,-62.65744196313001,109.31488392626002
MTHFR2,89.65744196313001,-19.65744196313001,109.31488392626002
MOHMT,49.05744196313001,-60.25744196313002,109.31488392626002
MTHFD_reverse,62.65744196313001,-46.65744196313001,109.31488392626002
MTRPOX,124.79853636489602,0.03166536676499021,124.76687099813103
NADH10,103.25744196313002,-6.05744196313001,109.31488392626002
NADDP,105.94654929302502,23.960386348329997,81.98616294469502
NADH9,100.45744196313001,-8.857441963130015,109.31488392626002
NADHHS,-1.4712790184349949,-56.12872098156501,54.65744196313001
NADHXD,147.77527027459,11.131665366764992,136.64360490782502
NADH5,139.35744196313001,30.04255803686999,109.31488392626002
NADHPO,340.83961365167005,258.85345070697497,81.98616294469508
NADHXE_reverse,27.328720981565006,-27.328720981565006,54.65744196313001
NADN,104.146549293025,22.160386348329993,81.98616294469501
NADHHR,-1.4712790184349949,-56.12872098156501,54.65744196313001
NADPHHR,-1.4712790184349949,-56.12872098156501,54.65744196313001
NADHXE,27.328720981565006,-27.328720981565006,54.65744196313001
NADPHQR2,140.35744196313001,31.04255803686999,109.31488392626002
NADK,69.05744196313,-40.25744196313001,109.31488392626002
NADPHXD,147.77527027459,11.131665366764992,136.64360490782502
NADPHQR4,101.45744196313001,-7.8574419631300145,109.31488392626002
NADPHXE_reverse,27.328720981565006,-27.328720981565006,54.65744196313001
NADPHHS,-1.4712790184349949,-56.12872098156501,54.65744196313001
NADPHQR3,104.25744196313002,-5.05744196313001,109.31488392626002
NAMNPP,149.203991256155,-42.09705561480001,191.30104687095502
NADS1,102.886162944695,-61.08616294469502,163.97232588939002
NADTRHD,55.65744196313001,-53.65744196313001,109.31488392626002
NADPHXE,27.328720981565006,-27.328720981565006,54.65744196313001
NDP3,90.74654929302501,8.760386348329995,81.98616294469502
NDP7,88.646549293025,6.660386348329993,81.98616294469501
NDPK1,57.15744196313001,-52.15744196313001,109.31488392626002
NADPPPS,78.84654929302502,-3.139613651670004,81.98616294469502
NDPK1_reverse,52.15744196313001,-57.15744196313001,109.31488392626002
NDPK2,57.25744196313001,-52.05744196313001,109.31488392626002
NDPK2_reverse,52.05744196313001,-57.25744196313001,109.31488392626002
NDPK4_reverse,57.25744196313002,-52.05744196313001,109.31488392626002
NDPK3,55.15744196313001,-54.15744196313001,109.31488392626002
NDPK5,57.25744196313001,-52.05744196313001,109.31488392626002
NDPK5_reverse,52.05744196313001,-57.25744196313001,109.31488392626002
NDPK6,53.15744196313001,-56.15744196313001,109.31488392626002
NDPK6_reverse,56.15744196313001,-53.15744196313001,109.31488392626002
NDPK3_reverse,54.15744196313001,-55.15744196313001,109.31488392626002
NDPK7_reverse,58.95744196313001,-50.357441963130015,109.31488392626002
NDPK8_reverse,57.75744196313002,-51.55744196313001,109.31488392626002
NDPK4,52.05744196313001,-57.25744196313002,109.31488392626002
NHFRBO,332.26833463323504,195.62472972541,136.64360490782505
NMNDA,60.14654929302501,-21.839613651670007,81.98616294469502
NDPK7,50.357441963130015,-58.95744196313001,109.31488392626002
NNAM,69.74654929302501,-12.239613651670005,81.98616294469502
NDPK8,51.55744196313001,-57.75744196313002,109.31488392626002
NNDPR,115.22601064448003,-11.903974143742008,127.12998478822203
NMNN,85.94654929302502,3.960386348329994,81.98616294469502
NMNAT,52.65744196313001,-56.65744196313001,109.31488392626002
NNATr,75.45744196313001,-33.857441963130015,109.31488392626002
NNATr_reverse,33.857441963130015,-75.45744196313001,109.31488392626002
NNDMBRT,79.35744196313001,-29.95744196313001,109.31488392626002
NODOy,530.454480465517,335.57818043238495,194.87630003313205
NTD1,77.54654929302501,-4.439613651670008,81.98616294469502
NODOx,529.454480465517,334.57818043238495,194.87630003313205
NTD10,76.54654929302501,-5.439613651670005,81.98616294469501
NTD5,75.646549293025,-6.339613651670007,81.98616294469501
NTD12,80.04654929302501,-1.9396136516700082,81.98616294469502
NTD8,81.146549293025,-0.8396136516700068,81.98616294469501
NTD2,73.84654929302502,-8.139613651670004,81.98616294469502
NTD11,69.94654929302502,-12.039613651670006,81.98616294469502
NTD4,79.74654929302501,-2.2396136516700054,81.98616294469502
NTP12,93.74654929302501,11.760386348329995,81.98616294469502
NTP10,97.04654929302501,15.060386348329992,81.98616294469502
NTD3,80.34654929302502,-1.639613651670004,81.98616294469502
NTD7,78.54654929302501,-3.4396136516700047,81.98616294469501
NTP5,92.84654929302502,10.860386348329996,81.98616294469502
NTD9,70.146549293025,-11.839613651670007,81.98616294469501
NTP1,93.246549293025,11.260386348329995,81.986162944695
NTD6,81.146549293025,-0.8396136516700068,81.98616294469501
NTPP10,109.146549293025,27.160386348329993,81.98616294469501
NTP11,93.746549293025,11.760386348329995,81.986162944695
NTPP1,109.146549293025,27.160386348329993,81.98616294469501
NTPP11,109.146549293025,27.160386348329993,81.98616294469501
NTPP3,107.646549293025,25.660386348329993,81.98616294469501
NTPP2,100.54654929302501,18.560386348329992,81.98616294469502
NTPP5,104.44654929302502,22.460386348329997,81.98616294469502
NTPP4,102.746549293025,20.760386348329995,81.986162944695
NTPP7,105.54654929302501,23.560386348329992,81.98616294469502
NTP3,90.84654929302502,8.860386348329996,81.98616294469502
NTPP6,103.94654929302502,21.960386348329997,81.98616294469502
NTPTP1,79.94654929302502,-2.039613651670006,81.98616294469502
NTPP8,98.34654929302502,16.360386348329996,81.98616294469502
NTPP9,77.646549293025,-4.339613651670007,81.98616294469501
NTRIR2x,493.51488392626004,274.88511607373994,218.6297678525201
O16AT,57.357441963130015,-51.95744196313001,109.31488392626002
NTPTP2,79.94654929302502,-2.039613651670006,81.98616294469502
O16GLCT1,67.45744196313001,-41.857441963130015,109.31488392626002
O16GALFT,67.45744196313001,-41.857441963130015,109.31488392626002
OAADC,83.39728966291501,10.924746837822997,72.47254282509202
O16GLCT2,67.45744196313001,-41.857441963130015,109.31488392626002
OBTFL,56.75744196313002,-52.55744196313001,109.31488392626002
OCBT,83.95744196313001,-25.357441963130015,109.31488392626002
OCBT_reverse,25.357441963130015,-83.95744196313001,109.31488392626002
OCTDPS,539.47232588939,211.52767411060998,327.9446517787801
OHPBAT_reverse,68.40818233817802,-45.05744196313001,113.46562430130803
OHPBAT,45.05744196313001,-68.40818233817802,113.46562430130803
OMMBLHXy,472.19160072354106,347.4247297254099,124.76687099813114
OMPDC,95.39728966291501,22.924746837822997,72.47254282509202
OMPHHXy,472.19160072354106,347.4247297254099,124.76687099813114
OMCDC,85.49728966291502,13.024746837822995,72.47254282509203
OP4ENH,28.028720981565005,-26.628720981565003,54.65744196313001
OPHHXy,472.19160072354106,347.4247297254099,124.76687099813114
ORPT,64.85744196313001,-44.45744196313001,109.31488392626002
OPHHX3,218.35054054918,-54.93666926647002,273.28720981565004
ORNDC,110.09728966291502,37.624746837823,72.47254282509202
OPHBDC,76.99728966291502,4.524746837822995,72.47254282509203
OXAMTC,47.05744196313001,-62.25744196313002,109.31488392626002
OXCOAHDH,101.25744196313002,-8.05744196313001,109.31488392626002
OXDHCOAT,80.75744196313002,-28.55744196313001,109.31488392626002
ORPT_reverse,44.45744196313001,-64.85744196313001,109.31488392626002
PACCOAE,472.19160072354106,347.4247297254099,124.76687099813114
OXCDC,85.09728966291502,12.624746837822997,72.47254282509202
PACCOAL,94.886162944695,-69.08616294469502,163.97232588939002
PACOAT,91.04654929302501,9.060386348329995,81.98616294469501
P5CD,112.85744196313001,3.542558036869991,109.31488392626002
PAPA120,75.34654929302502,-6.639613651670004,81.98616294469502
PAI2I,31.928720981565007,-22.728720981565004,54.65744196313001
P5CR,101.05744196313,-8.257441963130013,109.31488392626002
PAI2T,85.55744196313,-23.757441963130013,109.31488392626002
PANTS,128.08616294469502,-35.88616294469502,163.97232588939005
PAPSR,131.47527027459,-5.168334633235013,136.64360490782502
PAPA140,75.34654929302502,-6.639613651670004,81.98616294469502
PAPA161,75.34654929302502,-6.639613651670004,81.98616294469502
PAPA160,75.34654929302502,-6.639613651670004,81.98616294469502
PAPA180,75.34654929302502,-6.639613651670004,81.98616294469502
PCNO,-4.94255803686999,-114.25744196313002,109.31488392626002
PAPA141,75.34654929302502,-6.639613651670004,81.98616294469502
PAPA181,75.34654929302502,-6.639613651670004,81.98616294469502
PAPPT3,51.99744196313001,-57.31744196313001,109.31488392626002
PDH,121.43690331458501,-33.02180245520201,154.458705769787
PDX5POi,154.98070805343602,57.542558036869984,97.43815001656603
PAPSR2,131.47527027459,-5.168334633235013,136.64360490782502
PERD,36.857441963130015,-72.45744196313001,109.31488392626002
PCNO_reverse,114.25744196313002,4.94255803686999,109.31488392626002
PFK_2,74.25744196313002,-35.05744196313001,109.31488392626002
PDE4,71.52872098156502,16.871279018434997,54.65744196313002
PFK_3,65.45744196313001,-43.857441963130015,109.31488392626002
PDX5PS,361.5547316260451,179.767304874693,181.78742675135211
PDX5PO2,32.15744196313001,-77.15744196313001,109.31488392626002
PDXPP,81.74654929302501,-0.23961365167000537,81.98616294469502
PFL,75.85744196313001,-33.45744196313001,109.31488392626002
PGAMT_reverse,24.228720981565004,-30.428720981565007,54.65744196313001
PDE1,71.52872098156502,16.871279018434997,54.65744196313002
PERD_reverse,72.45744196313001,-36.857441963130015,109.31488392626002
PGCD,22.95744196313001,-86.35744196313001,109.31488392626002
PGK,35.95744196313001,-73.35744196313001,109.31488392626002
PGI_reverse,29.858720981565007,-24.798720981565005,54.65744196313001
PGK_reverse,73.35744196313001,-35.95744196313001,109.31488392626002
PGI,24.798720981565005,-29.858720981565007,54.65744196313001
PGL,51.12872098156501,-3.528720981565005,54.65744196313001
PGAMT,30.428720981565007,-24.228720981565004,54.65744196313001
PFK,69.65744196313001,-39.65744196313001,109.31488392626002
PGLYCP,94.146549293025,12.160386348329993,81.98616294469501
PGM_reverse,23.228720981565004,-31.428720981565007,54.65744196313001
PGMT,34.728720981565004,-19.928720981565007,54.65744196313001
PGM,31.428720981565007,-23.228720981565004,54.65744196313001
PGMT_reverse,19.928720981565007,-34.728720981565004,54.65744196313001
PGPP120,75.34654929302502,-6.639613651670004,81.98616294469502
PGPP140,75.34654929302502,-6.639613651670004,81.98616294469502
PGPP141,75.34654929302502,-6.639613651670004,81.98616294469502
PGPP160,75.34654929302502,-6.639613651670004,81.98616294469502
PGPP161,75.34654929302502,-6.639613651670004,81.98616294469502
PHDA,38.12872098156501,-16.528720981565005,54.65744196313001
PGPP181,75.34654929302502,-6.639613651670004,81.98616294469502
PGPP180,75.34654929302502,-6.639613651670004,81.98616294469502
PHETA1,59.308182338178014,-54.15744196313001,113.46562430130803
PHETA1_reverse,54.15744196313001,-59.308182338178014,113.46562430130803
PMANM,31.628720981565003,-23.028720981565005,54.65744196313001
PMANM_reverse,23.028720981565005,-31.628720981565003,54.65744196313001
PNTK,64.85744196313001,-44.45744196313001,109.31488392626002
PMPK,58.05744196313001,-51.25744196313001,109.31488392626002
POR5,140.56562429615002,-68.55052343676702,209.11614773291706
POR5_reverse,68.55052343676702,-140.56562429615002,209.11614773291706
PPA2,93.24654929302501,11.260386348329995,81.98616294469502
POX,254.22601064448,127.09602585625801,127.12998478822199
PPAKr_reverse,22.45744196313001,-86.85744196313001,109.31488392626002
PPA,80.94654929302502,-1.039613651670006,81.98616294469502
PMDPHT,78.54654929302501,-3.4396136516700047,81.98616294469501
PPCDC,89.89728966291501,17.424746837823,72.472542825092
PPCSCT,70.75744196313002,-38.55744196313001,109.31488392626002
PPGPPDP,90.74654929302501,8.760386348329995,81.98616294469502
PPBNGS,128.03961365167,46.053450706974985,81.98616294469502
PPAKr,86.85744196313001,-22.45744196313001,109.31488392626002
PPK2,66.95744196313001,-42.357441963130015,109.31488392626002
PPM,39.028720981565,-15.628720981565007,54.65744196313001
PPM2,56.228720981565004,1.5712790184349927,54.65744196313001
PPM2_reverse,-1.5712790184349927,-56.228720981565004,54.65744196313001
PPC,80.19308147363701,-19.60818233302001,99.80126380665702
PPNDH,138.59728966291502,66.124746837823,72.47254282509202
PPDOy,82.15744196313001,-27.15744196313001,109.31488392626002
PPCK,85.62601064448002,-41.50397414374201,127.12998478822203
PPS,93.77527027459001,-42.86833463323501,136.64360490782502
PRAGSr_reverse,57.68616294469501,-106.28616294469501,163.97232588939002
PRASCSi,146.286162944695,-17.68616294469502,163.97232588939002
PPK,66.95744196313001,-42.357441963130015,109.31488392626002
PRAIi,33.128720981565,-21.528720981565005,54.65744196313001
PPM_reverse,15.628720981565007,-39.028720981565,54.65744196313001
PRMICI_reverse,21.528720981565005,-33.128720981565,54.65744196313001
PRMICI,33.128720981565,-21.528720981565005,54.65744196313001
PRPPS,54.29744196313001,-55.01744196313001,109.31488392626002
PPNCL2,131.386162944695,-32.58616294469502,163.97232588939002
PRPPS_reverse,55.01744196313001,-54.29744196313001,109.31488392626002
PPND,110.12601064448,-17.00397414374201,127.12998478822202
PRAGSr,106.28616294469501,-57.68616294469501,163.97232588939002
PSCVT,67.05744196313,-42.25744196313001,109.31488392626002
PPPNDO,425.99160072354107,301.22472972540993,124.76687099813114
PSD120,76.59728966291502,4.124746837822997,72.47254282509202
PSD141,76.59728966291502,4.124746837822997,72.47254282509202
PSD160,76.59728966291502,4.124746837822997,72.47254282509202
PROD3,91.05744196313,-18.257441963130013,109.31488392626002
PSD180,76.59728966291502,4.124746837822997,72.47254282509202
PSCVT_reverse,42.25744196313001,-67.05744196313,109.31488392626002
PSD181,76.59728966291502,4.124746837822997,72.47254282509202
PSP_L,74.94654929302502,-7.039613651670006,81.98616294469502
PTA2,37.15744196313001,-72.15744196313001,109.31488392626002
PSD140,76.59728966291502,4.124746837822997,72.47254282509202
PSD161,76.59728966291502,4.124746837822997,72.47254282509202
PTRCTA,56.60818233817801,-56.857441963130015,113.46562430130803
PSERT,66.05744196313,-47.40818233817801,113.46562430130801
PTAr_reverse,64.05744196313,-45.25744196313001,109.31488392626002
PUNP2,43.65744196313001,-65.65744196313001,109.31488392626002
PUNP1_reverse,62.55744196313,-46.75744196313001,109.31488392626002
PUNP2_reverse,65.65744196313001,-43.65744196313001,109.31488392626002
PUNP3,43.65744196313001,-65.65744196313001,109.31488392626002
PSURIK,69.35744196313001,-39.95744196313001,109.31488392626002
PUNP3_reverse,65.65744196313001,-43.65744196313001,109.31488392626002
PUNP4,43.65744196313001,-65.65744196313001,109.31488392626002
PTAr,45.25744196313001,-64.05744196313,109.31488392626002
PTPATi,68.45744196313001,-40.857441963130015,109.31488392626002
PUNP5_reverse,63.357441963130015,-45.95744196313001,109.31488392626002
PUNP6,45.15744196313001,-64.15744196313001,109.31488392626002
PUNP1,46.75744196313001,-62.55744196313,109.31488392626002
PUNP6_reverse,64.15744196313001,-45.15744196313001,109.31488392626002
PUNP7_reverse,65.05744196313,-44.25744196313001,109.31488392626002
PUNP7,44.25744196313001,-65.05744196313,109.31488392626002
PUNP4_reverse,65.65744196313001,-43.65744196313001,109.31488392626002
PYDAMK,70.05744196313,-39.25744196313001,109.31488392626002
PYDXK,71.65744196313001,-37.65744196313001,109.31488392626002
PYDXNK,66.15744196313001,-43.15744196313001,109.31488392626002
PUNP5,45.95744196313001,-63.357441963130015,109.31488392626002
PYDXPP,76.34654929302502,-5.639613651670004,81.98616294469502
PYK,79.75744196313002,-29.55744196313001,109.31488392626002
PYAM5PO,177.39853636489602,52.631665366764985,124.76687099813103
PYK2,82.35744196313001,-26.95744196313001,109.31488392626002
PYK4,80.25744196313002,-29.05744196313001,109.31488392626002
PYK3,82.25744196313002,-27.05744196313001,109.31488392626002
PYK6,77.15744196313001,-32.15744196313001,109.31488392626002
PYNP2r,53.05744196313001,-56.25744196313001,109.31488392626002
QUINDH,38.05744196313001,-71.25744196313002,109.31488392626002
PYNP2r_reverse,56.25744196313001,-53.05744196313001,109.31488392626002
PYROX,187.291600723541,62.52472972540999,124.766870998131
QUINDHyi,39.857441963130015,-69.45744196313001,109.31488392626002
QULNS,281.85744196313004,172.54255803687,109.31488392626005
R1PK,77.45744196313001,-31.857441963130015,109.31488392626002
R15BPK,45.25744196313001,-64.05744196313,109.31488392626002
R5PP,66.15654929302501,-15.829613651670005,81.98616294469501
RBFK,52.65744196313001,-56.65744196313001,109.31488392626002
RBFSb,214.55744196313,105.24255803687,109.31488392626001
RBFSa,138.75744196313,29.44255803686999,109.31488392626
RBK_L1,69.35744196313001,-39.95744196313001,109.31488392626002
RBK,79.65744196313001,-29.65744196313001,109.31488392626002
RBP4E,27.828720981565006,-26.828720981565006,54.65744196313001
RBP4E_reverse,26.828720981565006,-27.828720981565006,54.65744196313001
RHCCE,76.84654929302502,-5.139613651670004,81.98616294469502
RHMND_reverse,-14.571279018434993,-69.228720981565,54.65744196313001
RMI,27.128720981565007,-27.52872098156501,54.65744196313001
RMK,59.45744196313001,-49.857441963130015,109.31488392626002
RMI_reverse,27.52872098156501,-27.128720981565007,54.65744196313001
RHMND,69.228720981565,14.571279018434993,54.65744196313001
RNDR1,99.35744196313001,-9.957441963130009,109.31488392626002
RMPA_reverse,23.639613651670004,-58.346549293025014,81.98616294469502
RNDR1b,99.35744196313001,-9.957441963130009,109.31488392626002
RNDR2,93.35744196313001,-15.957441963130009,109.31488392626002
RNDR3,95.35744196313001,-13.957441963130009,109.31488392626002
RNDR3b,95.35744196313001,-13.957441963130009,109.31488392626002
RNDR4,94.45744196313001,-14.857441963130015,109.31488392626002
RNTR1c2,150.88616294469503,-13.086162944695012,163.97232588939005
RNTR3c2,145.286162944695,-18.68616294469502,163.97232588939002
RMPA,58.346549293025014,-23.639613651670004,81.98616294469502
RNDR2b,93.35744196313001,-15.957441963130009,109.31488392626002
RNDR4b,94.45744196313001,-14.857441963130015,109.31488392626002
RPI,25.398720981565006,-29.258720981565006,54.65744196313001
RPNTPH,107.44654929302502,25.460386348329997,81.98616294469502
RNTR2c2,123.58616294469502,-40.386162944695016,163.97232588939005
RPE_reverse,23.928720981565007,-30.728720981565004,54.65744196313001
RZ5PP,78.646549293025,-3.339613651670007,81.98616294469501
RPE,30.728720981565004,-23.928720981565007,54.65744196313001
RNTR4c2,145.08616294469502,-18.886162944695016,163.97232588939005
SADT2,95.90399125615502,-95.39705561480002,191.30104687095505
SDPDS,56.74654929302501,-25.239613651670005,81.98616294469502
RU5PP,65.04654929302501,-16.939613651670008,81.98616294469502
S7PI,25.828720981565006,-28.828720981565006,54.65744196313001
RPI_reverse,29.258720981565006,-25.398720981565006,54.65744196313001
SBTPD,41.95744196313001,-67.35744196313001,109.31488392626002
SERAT_reverse,47.75744196313001,-61.55744196313,109.31488392626002
SERAT,61.55744196313,-47.75744196313001,109.31488392626002
SERD_D,92.44654929302502,10.460386348329994,81.98616294469502
SDPTA,58.00818233817802,-55.45744196313001,113.46562430130803
SADH,225.832946285835,98.702961497613,127.12998478822199
SBTPD_reverse,67.35744196313001,-41.95744196313001,109.31488392626002
SARCOX,157.198536364896,32.43166536676499,124.76687099813101
SDPTA_reverse,55.45744196313001,-58.00818233817802,113.46562430130803
SGDS,67.34654929302502,-14.639613651670004,81.98616294469502
SEPHCHCS,31.25892270806801,-72.693081473637,103.95200418170501
SERASr,66.25744196313002,-43.05744196313001,109.31488392626002
SHGO,143.780708053436,42.19181766182199,101.588890391614
SERASr_reverse,43.05744196313001,-66.25744196313002,109.31488392626002
SHK3Dr,131.95744196313,22.642558036869985,109.31488392626002
SHK3Dr_reverse,-22.642558036869985,-131.95744196313,109.31488392626002
SHSL1,117.65744196313,8.342558036869988,109.31488392626001
SOTA,60.208182338178005,-53.25744196313001,113.46562430130803
SFGTHi,81.74654929302501,-0.23961365167000537,81.98616294469502
SPMDAT2,73.35744196313001,-35.95744196313001,109.31488392626002
SPMDAT1,73.45744196313001,-35.857441963130015,109.31488392626002
SHCHCS3,193.746549293025,111.76038634833,81.986162944695
SERD_L,93.34654929302502,11.360386348329996,81.98616294469502
SSALx,93.25744196313002,-16.05744196313001,109.31488392626002
SUCBZL,96.886162944695,-67.08616294469502,163.97232588939002
SSALy,92.25744196313002,-17.05744196313001,109.31488392626002
SHKK,62.45744196313001,-46.857441963130015,109.31488392626002
SGSAD,99.75744196313002,-9.55744196313001,109.31488392626002
SUCBZS,40.028720981565,-14.628720981565007,54.65744196313001
SUCOAS_reverse,80.78616294469501,-83.18616294469501,163.97232588939002
SUCDi,76.25744196313002,-33.05744196313001,109.31488392626002
SUCOAS,83.18616294469501,-80.78616294469501,163.97232588939002
SULR,228.01488392626,9.385116073739994,218.62976785252002
TAGURr,43.05744196313001,-66.25744196313002,109.31488392626002
TAGURr_reverse,66.25744196313002,-43.05744196313001,109.31488392626002
TALA,55.357441963130015,-53.95744196313001,109.31488392626002
TALA_reverse,53.95744196313001,-55.357441963130015,109.31488392626002
TARTD,62.628720981565,7.971279018434991,54.65744196313001
TDPAGTA,40.75744196313001,-72.708182338178,113.46562430130803
TDPDRR,59.05744196313,-50.25744196313001,109.31488392626002
TDPDRE,39.62872098156501,-15.028720981565005,54.65744196313001
TDPGDH,73.52872098156502,18.871279018434997,54.65744196313002
TGBPA,46.64654929302501,-35.33961365167001,81.98616294469502
TGBPA_reverse,35.33961365167001,-46.64654929302501,81.98616294469502
TDSK,66.75744196313002,-42.55744196313001,109.31488392626002
THDPS,34.45744196313001,-74.85744196313001,109.31488392626002
THRA,54.846549293025014,-27.139613651670004,81.98616294469502
THIORDXi,332.23961365167,250.25345070697497,81.98616294469505
THRA2,67.24654929302501,-14.739613651670005,81.98616294469502
THRD,27.757441963130013,-81.55744196313,109.31488392626002
THRD_L,89.54654929302501,7.560386348329995,81.98616294469501
TKT1,58.45744196313001,-50.857441963130015,109.31488392626002
THRS,92.94654929302502,10.960386348329997,81.98616294469502
TKT1_reverse,50.857441963130015,-58.45744196313001,109.31488392626002
TKT2,64.75744196313002,-44.55744196313001,109.31488392626002
TKT2_reverse,44.55744196313001,-64.75744196313002,109.31488392626002
TMAOR1,252.65744196313,143.34255803687,109.31488392626
TMDK1,72.35744196313001,-36.95744196313001,109.31488392626002
TMAOR2,249.95744196313,140.64255803687,109.31488392626
TMDPP,49.25744196313001,-60.05744196313,109.31488392626002
TMPPP,58.95744196313001,-50.357441963130015,109.31488392626002
TMK,74.45744196313001,-34.857441963130015,109.31488392626002
TMDPP_reverse,60.05744196313,-49.25744196313001,109.31488392626002
TMDS,99.15744196313001,-10.157441963130012,109.31488392626002
TPI_reverse,32.828720981565006,-21.828720981565006,54.65744196313001
TPRDCOAS,54.95744196313001,-54.357441963130015,109.31488392626002
TRDR,63.55744196313001,-45.75744196313001,109.31488392626002
TRE6PH,74.44654929302502,-7.539613651670006,81.98616294469502
TRE6PP,71.54654929302501,-10.439613651670005,81.98616294469501
TREH,76.44654929302502,-5.539613651670006,81.98616294469502
TRPS1,85.15744196313,-24.15744196313001,109.31488392626001
TRPS2,66.93961365167002,-15.04654929302501,81.98616294469502
TRSARr,85.05744196313,-24.257441963130013,109.31488392626002
TYRTA,58.808182338178014,-54.65744196313001,113.46562430130803
TRPS3,45.54654929302501,-36.43961365167,81.98616294469501
TRE6PS,72.35744196313001,-36.95744196313001,109.31488392626002
TPI,21.828720981565006,-32.828720981565006,54.65744196313001
TYRTA_reverse,54.65744196313001,-58.808182338178014,113.46562430130803
TRSARr_reverse,24.257441963130013,-85.05744196313,109.31488392626002
UAAGDS,106.08616294469502,-57.886162944695016,163.97232588939005
TRPAS2,81.06437760448502,-28.250506321775006,109.31488392626002
UAG2E,27.328720981565006,-27.328720981565006,54.65744196313001
TRPAS2_reverse,28.250506321775006,-81.06437760448502,109.31488392626002
UAGPT3,68.35744196313001,-40.95744196313001,109.31488392626002
UACMAMO,107.886162944695,-56.08616294469502,163.97232588939002
UDCPDP,91.54654929302501,9.560386348329992,81.98616294469502
UAG2E_reverse,27.328720981565006,-27.328720981565006,54.65744196313001
UDCPDPS,828.958488834085,337.0415111659149,491.91697766817003
UDPG4E,24.428720981565007,-30.228720981565004,54.65744196313001
UAGCVT,66.75744196313002,-42.55744196313001,109.31488392626002
UAMAGS,111.08616294469502,-52.886162944695016,163.97232588939005
UDPG4E_reverse,30.228720981565004,-24.428720981565007,54.65744196313001
UAGDP,58.19744196313002,-51.11744196313001,109.31488392626002
UAMAS,110.48616294469502,-53.48616294469502,163.97232588939005
UDPGPT,48.15744196313001,-61.15744196313001,109.31488392626002
UDPGPT_reverse,61.15744196313001,-48.15744196313001,109.31488392626002
UDPKAAT,28.45744196313001,-85.00818233817802,113.46562430130803
UAPGR,113.55744196313,4.242558036869994,109.31488392626001
UDPGALM,22.52872098156501,-32.128720981565,54.65744196313001
UGLT_reverse,51.75744196313001,-57.55744196313001,109.31488392626002
UDPGD,103.68616294469501,-60.28616294469502,163.97232588939005
UGMDDS,110.386162944695,-53.58616294469502,163.97232588939002
UDPGDC,99.82601064448002,-27.303974143742007,127.12998478822203
UDPKAAT_reverse,85.00818233817802,-28.45744196313001,113.46562430130803
ULA4NFT,52.95744196313001,-56.357441963130015,109.31488392626002
UGCIAMH,99.646549293025,17.660386348329993,81.98616294469501
UMPK,59.25744196313001,-50.05744196313001,109.31488392626002
UGLT,57.55744196313001,-51.75744196313001,109.31488392626002
UGLYCH,163.132946285835,36.002961497613,127.129984788222
UPPRT,71.95744196313001,-37.357441963130015,109.31488392626002
URDGLYCD,67.85744196313001,-41.45744196313001,109.31488392626002
UHGADA,72.146549293025,-9.839613651670007,81.98616294469501
UM4PCP,64.81654929302502,-17.169613651670005,81.98616294469502
URIH,75.94654929302502,-6.039613651670006,81.98616294469502
USHD,96.246549293025,14.260386348329995,81.986162944695
UMPK_reverse,50.05744196313001,-59.25744196313001,109.31488392626002
URIK1,74.05744196313,-35.25744196313001,109.31488392626002
UPPDC1,224.00299570696504,98.085150295987,125.91784541097803
VALTA,55.708182338178005,-57.75744196313002,113.46562430130803
VPAMTr_reverse,51.25744196313001,-58.05744196313,109.31488392626002
X5PL3E,28.128720981565007,-26.52872098156501,54.65744196313001
VPAMTr,58.05744196313,-51.25744196313001,109.31488392626002
URIC,170.649276734786,55.39602585625799,115.25325087852802
XAND,79.35744196313001,-29.957441963130012,109.31488392626002
VALTA_reverse,57.75744196313002,-55.708182338178005,113.46562430130803
URIK2,71.55744196313,-37.75744196313001,109.31488392626002
XPPT,78.15744196313001,-31.15744196313001,109.31488392626002
XTSNH,67.04654929302501,-14.939613651670008,81.98616294469502
XYHDL,61.14654929302501,-20.839613651670007,81.98616294469502
XYLI1,23.628720981565003,-31.028720981565005,54.65744196313001
XYLI1_reverse,31.028720981565005,-23.628720981565003,54.65744196313001
XYLI2,27.428720981565007,-27.228720981565004,54.65744196313001
XYLI2_reverse,27.228720981565004,-27.428720981565007,54.65744196313001
XYLK,80.35744196313001,-28.95744196313001,109.31488392626002
XYLK2,78.55744196313,-30.757441963130013,109.31488392626002
YUMPS,54.33961365167001,-27.64654929302501,81.98616294469502
YUMPS_reverse,27.64654929302501,-54.33961365167001,81.98616294469502
