,EcoTCM,EcoETM
0.3,2.6670879363966336,2.6670879363966336
0.306,2.6670879363966336,2.6670879363966336
0.303,2.6670879363966336,2.6670879363967117
0.309,2.6670879363966336,2.6670879363966336
0.312,2.6670879363966336,2.6670879363966336
0.315,2.6670879363966336,2.6670879363966336
0.318,2.6670879363966336,2.6670879363966336
0.321,2.6670879363966336,2.6670879363966336
0.327,2.6670879363966336,2.6670879363966336
0.324,2.6670879363966336,2.6670879363966336
0.32999999999999996,2.6670879363966336,2.6670879363966336
0.33299999999999996,2.6670879363966336,2.6670879363966336
0.33599999999999997,2.6670879363966336,2.6670879363966336
0.33899999999999997,2.6670879363966336,2.6670879363966336
0.345,2.6670879363966336,2.6670879363966336
0.34199999999999997,2.6670879363966336,2.6670879363966336
0.348,2.6670879363966336,2.6670879363966336
0.351,2.6670879363966336,2.6670879363966336
0.354,2.6670879363966336,2.6670879363966336
0.363,2.6670879363966336,2.6670879363966336
0.357,2.6670879363966336,2.6670879363966336
0.36,2.6670879363966336,2.6670879363966336
0.366,2.6670879363966336,2.6670879363966336
0.369,2.6670879363966336,2.6670879363966336
0.372,2.6670879363966336,2.6670879363966336
0.378,2.6670879363966336,2.6670879363966336
0.375,2.6670879363966336,2.6670879363966336
0.381,2.6670879363966336,2.6670879363966336
0.384,2.6670879363966336,2.6670879363966336
0.387,2.6670879363966336,2.6670879363966336
0.39,2.6670879363966336,2.6670879363966336
0.393,2.6670879363966336,2.6670879363966336
0.396,2.6670879363966336,2.6670879363966336
0.399,2.6670879363966336,2.6670879363966336
0.402,2.6670879363966336,2.6670879363966336
0.40499999999999997,2.6670879363966336,2.6670879363966336
0.408,2.6670879363966336,2.6670879363966336
0.411,2.6670879363966336,2.6670879363966336
0.414,2.6670879363966336,2.6670879363966336
0.417,2.6670879363966336,2.667087936396719
0.42,2.6670879363966336,2.6670879363966336
0.423,2.6670879363966336,2.667087936396719
0.426,2.6670879363966336,2.6670879363966336
0.432,2.6670879363966336,2.6670879363966336
0.429,2.6670879363966336,2.6670879363966336
0.435,2.6670879363966336,2.6670879363966336
0.438,2.6670879363966336,2.6670879363966336
0.441,2.6670879363966336,2.6670879363966336
0.444,2.6670879363966336,2.6670879363966336
0.44999999999999996,2.6670879363966336,2.6670879363966336
0.44699999999999995,2.6670879363966336,2.6670879363966336
0.45599999999999996,2.6670879363966336,2.6670879363966336
0.45299999999999996,2.6670879363966336,2.6670879363966336
0.45899999999999996,2.6670879363966336,2.6670879363966336
0.46199999999999997,2.6670879363966336,2.6670879363966336
0.46499999999999997,2.6670879363966336,2.6670879363966336
0.46799999999999997,2.6670879363966336,2.6670879363966336
0.474,2.6670879363966336,2.6670879363966336
0.471,2.6670879363966336,2.6670879363966336
0.477,2.6670879363966336,2.6670879363966336
0.48,2.6670879363966336,2.6670879363966336
0.486,2.6670879363966336,2.6670879363966336
0.483,2.6670879363966336,2.667087936396714
0.489,2.6670879363966336,2.6670879363966336
0.492,2.6670879363966336,2.6670879363966336
0.495,2.6670879363966336,2.6670879363966336
0.501,2.6670879363966336,2.6670879363966336
0.498,2.6670879363966336,2.6670879363966336
0.504,2.6670879363966336,2.6670879363966336
0.507,2.6670879363966336,2.6670879363966336
0.51,2.6670879363966336,2.6670879363966336
0.513,2.6670879363966336,2.6670879363966336
0.516,2.6670879363966336,2.6670879363966336
0.519,2.6670879363966336,2.6670879363966336
0.525,2.6670879363966336,2.6670879363967113
0.522,2.6670879363966336,2.6670879363966336
0.528,2.6670879363966336,2.6670879363966336
0.531,2.6670879363966336,2.6670879363966336
0.534,2.6670879363966336,2.6670879363966336
0.537,2.6670879363966336,2.6670879363966336
0.54,2.6670879363966336,2.6670879363966336
0.546,2.6670879363966336,2.6670879363966336
0.5429999999999999,2.6670879363966336,2.6670879363966336
0.5489999999999999,2.6670879363966336,2.6670879363967117
0.552,2.6670879363966336,2.6670879363966336
0.558,2.6670879363966336,2.6670879363966336
0.5549999999999999,2.6670879363966336,2.667087936396735
0.5640000000000001,2.6670879363966336,2.6670879363966336
0.5609999999999999,2.6670879363966336,2.6670879363966336
0.567,2.6670879363966336,2.6670879363966336
0.5700000000000001,2.6670879363966336,2.6670879363966336
0.5760000000000001,2.6670879363966336,2.6670879363966336
0.573,2.6670879363966336,2.6670879363967117
0.579,2.6670879363966336,2.6670879363966336
0.5820000000000001,2.6670879363966336,2.6670879363966336
0.585,2.6670879363966336,2.6670879363966336
0.5880000000000001,2.6670879363966336,2.6670879363966336
0.591,2.6670879363966336,2.667087936396714
0.597,2.6670879363966336,2.6670879363966336
0.594,2.6670879363966336,2.6670879363967117
0.6,2.6670879363966336,2.6670879363966336
0.6003999999999999,2.6670879363966336,2.6670879363967117
0.6008,2.6670879363966336,2.6670879363966336
0.6016,2.6670879363966336,2.6670879363967113
0.6012,2.6670879363966336,2.6670879363967117
0.602,2.6670879363966336,2.6670879363967117
0.6023999999999999,2.6670879363966336,2.667087936396714
0.6028,2.6670879363966336,2.667087936396714
0.6032,2.6670879363966336,2.6670879363967117
0.6036,2.6670879363966336,2.6670879363967135
0.604,2.6670879363966336,2.6670879363966336
0.6043999999999999,2.6670879363966336,2.6670879363966336
0.6048,2.6670879363966336,2.6670879363967126
0.6052,2.6670879363966336,2.6670879363967117
0.606,2.6670879363966336,2.6670879363967113
0.6056,2.6670879363966336,2.6670879363967117
0.6063999999999999,2.6670879363966336,2.6670879363966336
0.6068,2.6670879363966336,2.6670879363966336
0.6072,2.6670879363966336,2.6670879363966336
0.6076,2.6670879363966336,2.6670879363966336
0.608,2.6670879363966336,2.6670879363966336
0.6083999999999999,2.6670879363966336,2.6670879363966336
0.6088,2.6670879363966336,2.6670879363966336
0.6092,2.6670879363966336,2.6670879363966336
0.6096,2.6670879363966336,2.6670879363966336
0.61,2.6670879363966336,2.6670879363967117
0.6103999999999999,2.6670879363966336,2.6670879363966336
0.6116,2.6670879363966336,2.6670879363966336
0.6108,2.6670879363966336,2.6670879363966336
0.6112,2.6670879363966336,2.6670879363966336
0.612,2.6670879363966336,2.6670879363966336
0.6123999999999999,2.6670879363966336,2.667087936396714
0.6132,2.6670879363966336,2.667083317570538
0.6128,2.6670879363966336,2.6670879363966336
0.614,2.6670879363966336,2.667087936396711
0.6136,2.6670879363966336,2.6670879363966336
0.6144,2.6670879363966336,2.6670879363967117
0.6148,2.6670879363966336,2.6670879363966336
0.6156,2.6670879363966336,2.6670879363967117
0.6152,2.6670879363966336,2.6670879363967117
0.616,2.6670879363966336,2.6670879363967117
0.6168,2.6670879363966336,2.667087936396714
0.6164,2.6670879363966336,2.6670879363967117
0.6172,2.6670879363966336,2.6670879363967135
0.6184,2.6670879363966336,2.6670879363967117
0.6176,2.6670879363966336,2.6670879363967113
0.618,2.6670879363966336,2.6670879363967117
0.6192,2.6670879363966336,2.6670879363967117
0.6188,2.6670879363966336,2.6670879363966336
0.6196,2.6670879363966336,2.6670879363966336
0.62,2.6670879363966336,2.6670879363966336
0.6208,2.6670879363966336,2.6670879363966336
0.6204,2.6670879363966336,2.6670879363967117
0.6216,2.6670879363966336,2.6670879363966336
0.6212,2.6670879363966336,2.6670879363967117
0.622,2.6670879363966336,2.6670879363966336
0.6228,2.6670879363966336,2.6670879363966336
0.6232,2.6670879363966336,2.6670879363966336
0.6224,2.6670879363966336,2.6670879363967117
0.624,2.6670879363966336,2.6670879363967117
0.6236,2.6670879363966336,2.6670879363967153
0.6244,2.6670879363966336,2.667087936396712
0.6248,2.6670879363966336,2.6670879363966336
0.6252,2.6670879363966336,2.6670879363966336
0.6256,2.6670879363966336,2.6670879363966336
0.626,2.6670879363966336,2.6670879363966336
0.6264,2.6670879363966336,2.6670879363966336
0.6268,2.6670879363966336,2.6670879363966336
0.6272,2.6670879363966336,2.6670879363966336
0.6276,2.6670879363966336,2.6670879363966336
0.628,2.6670879363966336,2.6670879363966336
0.6284,2.6670879363966336,2.6670879363966336
0.6288,2.6670879363966336,2.667087936396714
0.6292,2.6670879363966336,2.6670879363967126
0.6296,2.6670879363966336,2.6670879363966336
0.63,2.6670879363966336,2.6670879363966336
0.6304,2.6670879363966336,2.6670879363966336
0.6308,2.6670879363966336,2.667087936396711
0.6312,2.6670879363966336,2.6670879363967126
0.6316,2.6670879363966336,2.6670879363966336
0.632,2.6670879363966336,2.6670879363967117
0.6324,2.6670879363966336,2.6670879363966336
0.6328,2.6670879363966336,2.667087936396712
0.6332,2.6670879363966336,2.6670879363967117
0.6336,2.6670879363966336,2.6670879363966336
0.634,2.6670879363966336,2.6670879363967117
0.6344,2.6670879363966336,2.6670879363966336
0.6348,2.6670879363966336,-0.48186506626556014
0.6352,2.6670879363966336,-0.48186592004679635
0.6356,2.6670879363966336,-0.48186643213771774
0.636,2.6670879363966336,-0.48186643213771774
0.6364,2.6670879363966336,-0.48186643198953094
0.6368,2.6670879363966336,-0.4818664321377131
0.6372,2.6670879363966336,-0.48186643213771274
0.6376000000000001,2.6670879363966336,-0.4818664321377201
0.638,2.6670879363966336,-0.48186643213771835
0.6384,2.6670879363966336,-0.48186643213771774
0.6388,2.6670879363966336,-0.48186506641366594
0.6392,2.6670879363966336,-0.48186643213771657
0.64,2.6670879363966336,-0.4818657492016431
0.6396000000000001,2.6670879363966336,-0.4818664319895327
0.640335,2.6670879363966336,-0.4818664321377195
0.641005,2.6670879363966336,-0.48186643213771063
0.64067,2.6670879363966336,-0.4818659200467978
0.64134,2.6670879363966336,-0.48186574920163483
0.641675,2.6670879363966336,-0.48186643213771774
0.64201,2.6670879363966336,-0.4818632833282237
0.642345,2.6670879363966336,-0.4818657492016422
0.643015,2.6670879363966336,-0.48186643198953094
0.64268,2.6670879363966336,-0.48186643213771285
0.64335,2.6670879363966336,-0.48186643213771296
0.6436850000000001,2.6670879363966336,-0.4818664321377201
0.64402,2.6670879363966336,-0.4818664321377201
0.644355,2.6670879363966336,-0.48186643213771285
0.64469,2.6670879363966336,-0.4818664321377186
0.645025,2.6670879363966336,-0.48186643213771774
0.64536,2.6670879363966336,-0.48186643213771774
0.64603,2.6670879363966336,-0.48186643213771774
0.645695,2.6670879363966336,-0.4818653825345504
0.646365,2.6670879363966336,-0.48186574939914667
0.6467,2.6670879363966336,-0.48186643213771774
0.647035,2.6670879363966336,-0.4818664321377201
0.64737,2.6670879363966336,-0.48186643198953094
0.647705,2.6670879363966336,-0.48186643213771274
0.6480400000000001,2.6670879363966336,-0.4818632833282237
0.648375,2.6670879363966336,-0.48186574939919247
0.649045,2.6670879363966336,-0.48186643198953094
0.64871,2.6670879363966336,-0.48186643213771274
0.64938,2.6670879363966336,-0.48186643213771774
0.649715,2.6670879363966336,-0.4818664319895274
0.65005,2.6670879363966336,-0.48186643213771774
0.650385,2.6670879363966336,-0.48186643213771224
0.65072,2.6670879363966336,-0.4818653825345507
0.651055,2.6670879363966336,-0.48186643213771596
0.65139,2.6670879363966336,-0.4818655771289829
0.651725,2.6670879363966336,-0.4818664321377201
0.65206,2.6670879363966336,-0.48186643213771596
0.6523950000000001,2.6670879363966336,-0.48186643213771296
0.65273,2.6670879363966336,-0.4818664321377195
0.653065,2.6670879363966336,-0.48186643213771774
0.6534,2.6670879363966336,-0.48186643213771296
0.653735,2.6670879363966336,-0.48186557712896655
0.65407,2.6670879363966336,-0.48186643213771774
0.654405,2.6670879363966336,-0.48186643198953094
0.65474,2.6670879363966336,-0.48186643198953094
0.655075,2.6670879363966336,-0.48186643198953094
0.65541,2.6670879363966336,-0.48186557712896566
0.655745,2.6670879363966336,-0.4818664321377195
0.656415,2.6670879363966336,-0.48186643213771774
0.65608,2.6670879363966336,-0.4818653825345507
0.65675,2.6670879363966336,-0.48186643213771774
0.657085,2.6670879363966336,-0.4818664321377201
0.65742,2.6670879363966336,-0.48186643213771146
0.657755,2.6670879363966336,-0.481865382534551
0.65809,2.6670879363966336,-0.4818632833282237
0.658425,2.6670879363966336,-0.4818664321377131
0.65876,2.6670879363966336,-0.48186643213771774
0.659095,2.6670879363966336,-0.4818632833282237
0.65943,2.6670879363966336,-0.48186592004676015
0.6601,2.6670879363966336,-0.4818664321377213
0.659765,2.6670879363966336,-0.4818632833282237
0.660435,2.6670879363966336,-0.4818664321377195
0.66077,2.6670879363966336,-0.4818664321377107
0.661105,2.6670879363966336,-0.481866432137712
0.66144,2.6670879363966336,-0.48186643213771274
0.661775,2.6670879363966336,-0.4818653825345507
0.66211,2.6670879363966336,-0.4818664321377124
0.662445,2.6670879363966336,-0.48186643213771774
0.66278,2.6670879363966336,-0.4818664321377134
0.663115,2.6670879363966336,-0.48186643213771774
0.66345,2.6670879363966336,-0.48186643198953094
0.663785,2.6670879363966336,-0.48186643213771774
0.66412,2.6670879363966336,-0.48186643213771774
0.664455,2.6670879363966336,-0.48186643213771774
0.66479,2.6670879363966336,-0.48186643213771774
0.665125,2.6670879363966336,-0.4818664321377142
0.6654599999999999,2.6670879363966336,-0.48186643213771774
0.665795,2.6670879363966336,-0.48186643213771585
0.66613,2.6670879363966336,-0.48186643213771596
0.666465,2.6670879363966336,-0.48186643213771857
0.6668,2.6670879363966336,-0.4818664321377107
0.667135,2.6670879363966336,-0.4818655771289606
0.66747,2.6670879363966336,-0.48186643213771774
0.667805,2.6670879363966336,-0.48186643213771774
0.66814,2.6670879363966336,-0.48186643213771657
0.668475,2.6670879363966336,-0.48186643213771774
0.66881,2.6670879363966336,-0.48186643213772157
0.669145,2.6670879363966336,-0.48186643213771774
0.66948,2.6670879363966336,-0.48186643213771774
0.6698149999999999,2.6670879363966336,-0.48186643213771774
0.67015,2.6670879363966336,-0.48186643213771774
0.670485,2.6670879363966336,-0.48186643213771196
0.67082,2.6670879363966336,-0.48186643213771774
0.671155,2.6670879363966336,-0.4818664321377195
0.67149,2.6670879363966336,-0.48186643198953094
0.671825,2.6670879363966336,-0.48186643213771774
0.67216,2.6670879363966336,-0.48186643213771774
0.672495,2.6670879363966336,-0.48186643213771774
0.67283,2.6670879363966336,-0.48186643213771774
0.673165,2.6670879363966336,-0.48186643213771774
0.6735,2.6670879363966336,-0.48186643213771774
0.673835,2.6670879363966336,-0.48186643213771774
0.6741699999999999,2.6670879363966336,-0.48186643213771774
0.674505,2.6670879363966336,-0.48186643213771774
0.67484,2.6670879363966336,-0.48186643213771774
0.675175,2.6670879363966336,-0.48186643213771774
0.675845,2.6670879363966336,-9.486379882991372
0.6755099999999999,2.6670879363966336,-0.48186643213771774
0.676515,2.6670879363966336,-9.486379882991386
0.67618,2.6670879363966336,-9.486379882991386
0.67685,2.6670879363966336,-9.486379882991395
0.6771849999999999,2.6670879363966336,-9.486379882991386
0.67752,2.6670879363966336,-9.486379882991386
0.677855,2.6670879363966336,-9.486379882991393
0.6785249999999999,2.6670879363966336,-9.486379882991386
0.67819,2.6670879363966336,-9.486379882991386
0.67886,2.6670879363966336,-9.486379882991386
0.679195,2.6670879363966336,-9.486379882991372
0.67953,2.6670879363966336,-9.486379882991386
0.6798649999999999,2.6670879363966336,-9.486379882991386
0.6802,2.6670879363966336,-9.486379882991386
0.680535,2.6670879363966336,-9.486379882991365
0.68087,2.6670879363966336,-9.486379882991386
0.681205,2.6670879363966336,-9.486379882991386
0.681875,2.6670879363966336,-9.486379882991372
0.68154,2.6670879363966336,-9.486379882991404
0.68221,2.6670879363966336,-9.486379882991386
0.682545,2.6670879363966336,-9.486379882991372
0.6828799999999999,2.6670879363966336,-9.486379882991386
0.683215,2.6670879363966336,-9.486379882991372
0.68355,2.6670879363966336,-9.486379882991386
0.683885,2.6670879363966336,-9.486379882991372
0.6842199999999999,2.6670879363966336,-9.486379882991386
0.684555,2.6670879363966336,-9.486379882991372
0.68489,2.6670879363966336,-9.486379882991372
0.685225,2.6670879363966336,-9.486379882991372
0.6858949999999999,2.6670879363966336,-9.486379882991386
0.68556,2.6670879363966336,-9.486379882991372
0.68623,2.6670879363966336,-9.486379882991386
0.686565,2.6670879363966336,-9.486379882991386
0.6869,2.6670879363966336,-9.486379882991372
0.6872349999999999,2.6670879363966336,-9.486379882991386
0.68757,2.6670879363966336,-9.486379882991386
0.687905,2.6670879363966336,-9.486379882991386
0.6885749999999999,2.6670879363966336,-9.486379882991386
0.68824,2.6670879363966336,-9.486379882991384
0.68891,2.6670879363966336,-9.486379882991386
0.689245,2.6670879363966336,-9.486379882991372
0.68958,2.6670879363966336,-9.486379882991386
0.689915,2.6670879363966336,-9.486379882991372
0.69025,2.6670879363966336,-9.486379882991386
0.690585,2.6670879363966336,-9.486379882991386
0.69092,2.6670879363966336,-9.486379882991386
0.691255,2.6670879363966336,-9.486379882991372
0.691925,2.6670879363966336,-9.486379882991386
0.6915899999999999,2.6670879363966336,-9.486379882991386
0.69226,2.6670879363966336,-9.486379882991372
0.692595,2.6670879363966336,-9.486379882991375
0.6929299999999999,2.6670879363966336,-9.486379882991372
0.693265,2.6670879363966336,-9.486379882991386
0.6936,2.6670879363966336,-9.486379882991372
0.693935,2.6670879363966336,-9.486379882991372
0.6946049999999999,2.6670879363966336,-9.486379882991386
0.6942699999999999,2.6670879363966336,-9.486379882991375
0.69494,2.6670879363966336,-9.486379882991386
0.695275,2.6670879363966336,-9.486379882991383
0.69561,2.6670879363966336,-9.48637988299137
0.6959449999999999,2.6670879363966336,-9.48637988299137
0.69628,2.6670879363966336,-9.486379882991372
0.696615,2.6670879363966336,-9.48637988299137
0.69695,2.6670879363966336,-9.486379882991372
0.6972849999999999,2.6670879363966336,-9.486379882991372
0.69762,2.6670879363966336,-9.486379882991375
0.697955,2.6670879363966336,-9.486379882991372
0.6986249999999999,2.6670879363966336,-9.486379882991372
0.69829,2.6670879363966336,-9.486379882991388
0.69896,2.6670879363966336,-9.486379882991372
0.699295,2.6670879363966336,-9.486379882991372
0.69963,2.6670879363966336,-9.486379882991374
0.699965,2.6670879363966336,-9.486379882991372
0.700635,2.6670879363966336,-9.486379882991372
0.7002999999999999,2.6670879363966336,-9.486379882991386
0.70097,2.6670879363966336,-9.486379882991386
0.701305,2.6670879363966336,-9.486379882991372
0.7016399999999999,2.6670879363966336,-9.486379882991375
0.701975,2.6670879363966336,-9.486379882991372
0.702645,2.6670879363966336,-9.486379882991372
0.70231,2.6670879363966336,-9.48637988299137
0.7029799999999999,2.6670879363966336,-9.486379882991372
0.7033149999999999,2.6670879363966336,-9.48637988299137
0.70365,2.6670879363966336,-9.486379882991372
0.703985,2.6670879363966336,-9.486379882991388
0.70432,2.6670879363966336,-9.486379882991375
0.7046549999999999,2.6670879363966336,-9.486379882991372
0.70499,2.6670879363966336,-9.486379882991374
0.705325,2.6670879363966336,-9.486379882991375
0.70566,2.6670879363966336,-9.48637988299139
0.7059949999999999,2.6670879363966336,-9.486379882991372
0.7063299999999999,2.6670879363966336,-9.486379882991375
0.706665,2.6670879363966336,-9.486379882991372
0.707,2.6670879363966336,-9.48637988299139
0.707001,2.6670879363966336,-9.486379882991372
0.7070019999999999,2.6670879363966336,-9.48637988299137
0.7070029999999999,2.6670879363966336,-9.486379882991383
0.707004,2.6670879363966336,-9.486379882991395
0.707005,2.6670879363966336,-9.486379882991372
0.7070059999999999,2.6670879363966336,-9.486379882991374
0.7070069999999999,2.6670879363966336,-9.486379882991372
0.707008,2.6670879363966336,-9.486379882991372
0.707009,2.6670879363966336,-9.486379882991372
0.707011,2.6670879363966336,-9.48637988299139
0.7070099999999999,2.6670879363966336,-9.486379882991372
0.707012,2.6670879363966336,-9.48637988299139
0.707013,2.6670879363966336,-9.486379882991374
0.7070139999999999,2.6670879363966336,-9.486379882991372
0.707015,2.6670879363966336,-9.48637988299139
0.707016,2.6670879363966336,-9.48637988299137
0.707017,2.6670879363966336,-9.486379882991372
0.7070179999999999,2.6670879363966336,-9.48637988299137
0.707019,2.6670879363966336,-9.486379882991372
0.70702,2.6670879363966336,-9.48637988299139
0.707021,2.6670879363966336,-9.486379882991383
0.707023,2.6670879363966336,-9.486379882991372
0.7070219999999999,2.6670879363966336,-9.48637988299137
0.707024,2.6670879363966336,-9.486379882991379
0.707025,2.6670879363966336,-9.48637988299139
0.7070259999999999,2.6670879363966336,-9.486379882991372
0.707027,2.6670879363966336,-9.486379882991372
0.7070289999999999,2.6670879363966336,-9.486379882991372
0.707028,2.6670879363966336,-9.48637988299137
0.7070299999999999,2.6670879363966336,-9.486379882991363
0.707031,2.6670879363966336,-9.486379882991372
0.707032,2.6670879363966336,-9.486379882991375
0.7070329999999999,2.6670879363966336,-9.486379882991372
0.7070339999999999,2.6670879363966336,-9.486379882991372
0.707035,2.6670879363966336,-9.486379882991372
0.707036,2.6670879363966336,-9.486379882991386
0.7070369999999999,2.6670879363966336,-9.486379882991375
0.7070379999999999,2.6670879363966336,-9.48637988299137
0.707039,2.6670879363966336,-9.486379882991372
0.70704,2.6670879363966336,-9.486379882991372
0.7070409999999999,2.6670879363966336,-9.48637988299139
0.707042,2.6670879363966336,-9.486379882991374
0.707043,2.6670879363966336,-9.486379882991372
0.707044,2.6670879363966336,-9.486379882991386
0.7070449999999999,2.6670879363966336,-9.486379882991372
0.707046,2.6670879363966336,-9.486379882991374
0.707047,2.6670879363966336,-9.48637988299137
0.707048,2.6670879363966336,-9.486379882991363
0.7070489999999999,2.6670879363966336,-9.48637988299137
0.70705,2.6670879363966336,-9.486379882991372
0.707051,2.6670879363966336,-9.486379882991375
0.707052,2.6670879363966336,-9.48637988299137
0.7070529999999999,2.6670879363966336,-9.48637988299137
0.707054,2.6670879363966336,-9.486379882991372
0.707055,2.6670879363966336,-9.486379882991372
0.7070559999999999,2.6670879363966336,-9.486379882991372
0.7070569999999999,2.6670879363966336,-9.486379882991372
0.707058,2.6670879363966336,-9.486379882991375
0.707059,2.6670879363966336,-9.48637988299139
0.7070599999999999,2.6670879363966336,-9.486379882991375
0.7070609999999999,2.6670879363966336,-9.48637988299137
0.707062,2.6670879363966336,-9.486379882991372
0.707063,2.6670879363966336,-9.48637988299137
0.7070639999999999,2.6670879363966336,-9.486379882991372
0.7070649999999999,2.6670879363966336,-9.486379882991374
0.707066,2.6670879363966336,-9.486379882991383
0.707067,2.6670879363966336,-9.48637988299139
0.7070679999999999,2.6670879363966336,-9.486379882991372
0.707069,2.6670879363966336,-9.486379882991372
0.70707,2.6670879363966336,-9.486379882991375
0.707071,2.6670879363966336,-9.486379882991372
0.7070719999999999,2.6670879363966336,-9.486379882991372
0.707073,2.6670879363966336,-9.48637988299137
0.707074,2.6670879363966336,-9.486379882991375
0.707075,2.6670879363966336,-9.48637988299139
0.7070759999999999,2.6670879363966336,-9.48637988299137
0.707077,2.6670879363966336,-9.486379882991372
0.707078,2.6670879363966336,-9.486379882991372
0.707079,2.6670879363966336,-9.486379882991372
0.7070799999999999,2.6670879363966336,-9.486379882991386
0.707081,2.6670879363966336,-9.48637988299137
0.707082,2.6670879363966336,-9.486379882991372
0.707083,2.6670879363966336,-9.48637988299139
0.7070839999999999,2.6670879363966336,-9.486379882991383
0.707085,2.6670879363966336,-9.48637988299139
0.707086,2.6670879363966336,-9.486379882991374
0.7070869999999999,2.6670879363966336,-9.48637988299139
0.7070879999999999,2.6670879363966336,-9.48637988299139
0.707089,2.6670879363966336,-9.486379882991372
0.70709,2.6670879363966336,-9.48637988299139
0.7070909999999999,2.6670879363966336,-9.48637988299139
0.7070919999999999,2.6670879363966336,-9.48637988299137
0.707093,2.6670879363966336,-9.48637988299139
0.707094,2.6670879363966336,-9.48637988299137
0.7070949999999999,2.6670879363966336,-9.48637988299139
0.707096,2.6670879363966336,-9.48637988299137
0.707097,2.6670879363966336,-9.48637988299137
0.707098,2.6670879363966336,-9.48637988299137
0.7070989999999999,2.6670879363966336,-9.48637988299139
0.7071,2.6670879363966336,-9.48637988299137
0.707101,2.6670879363966336,-9.486379882991375
0.707102,2.6670879363966336,-9.48637988299137
0.7071029999999999,2.6670879363966336,-9.48637988299139
0.707104,2.6670879363966336,-9.48637988299139
0.707105,2.6670879363966336,-9.486379882991372
0.707106,2.6670879363966336,-9.48637988299139
0.7071069999999999,2.6670879363966336,-9.486379882991372
0.707108,2.6670879363966336,-9.486379882991372
0.707109,2.6670879363966336,-9.48637988299139
0.70711,2.6670879363966336,-9.48637988299137
0.7071109999999999,2.6670879363966336,-9.486379882991386
0.707112,2.6670879363966336,-9.48637988299137
0.707113,2.6670879363966336,-9.48637988299137
0.7071139999999999,2.6670879363966336,-9.486379882991375
0.7071149999999999,2.6670879363966336,-9.48637988299139
0.707116,2.6670879363966336,-9.486379882991372
0.707117,2.6670879363966336,-9.486379882991372
0.7071179999999999,2.6670879363966336,-9.486379882991374
0.7071189999999999,2.6670879363966336,-9.486379882991372
0.70712,2.6670879363966336,-9.48637988299139
0.707121,2.6670879363966336,-9.486379882991375
0.7071219999999999,2.6670879363966336,-9.486379882991372
0.707123,2.6670879363966336,-9.486379882991374
0.707124,2.6670879363966336,-9.48637988299139
0.707125,2.6670879363966336,-9.486379882991372
0.7071259999999999,2.6670879363966336,-9.486379882991372
0.707127,2.6670879363966336,-9.486379882991372
0.707128,2.6670879363966336,-9.486379882991383
0.707129,2.6670879363966336,-9.48637988299137
0.7071299999999999,2.6670879363966336,-9.486379882991372
0.707131,2.6670879363966336,-9.486379882991383
0.707132,2.6670879363966336,-9.486379882991372
0.707133,2.6670879363966336,-9.486379882991363
0.7071339999999999,2.6670879363966336,-9.486379882991372
0.707135,2.6670879363966336,-9.486379882991372
0.707136,2.6670879363966336,-9.486379882991372
0.707137,2.6670879363966336,-9.48637988299137
0.707139,2.6670879363966336,-9.486379882991372
0.7071379999999999,2.6670879363966336,-9.48637988299137
0.70714,2.6670879363966336,-9.486379882991383
0.7071409999999999,2.6670879363966336,-9.486379882991372
0.7071419999999999,2.6670879363966336,-9.486379882991374
0.707143,2.6670879363966336,-9.486379882991383
0.707144,2.6670879363966336,-9.486379882991363
0.7071449999999999,2.6670879363966336,-9.48637988299137
0.7071459999999999,2.6670879363966336,-9.486379882991372
0.707147,2.6670879363966336,-9.48637988299137
0.707148,2.6670879363966336,-9.48637988299139
0.7071489999999999,2.6670879363966336,-9.48637988299139
0.70715,2.6670879363966336,-9.486379882991372
0.707151,2.6670879363966336,-9.486379882991372
0.707152,2.6670879363966336,-9.48637988299137
0.7071529999999999,2.6670879363966336,-9.486379882991372
0.707154,2.6670879363966336,-9.48637988299137
0.707155,2.6670879363966336,-9.486379882991372
0.707156,2.6670879363966336,-9.486379882991372
0.7071569999999999,2.6670879363966336,-9.48637988299139
0.707158,2.6670879363966336,-9.486379882991383
0.707159,2.6670879363966336,-9.486379882991372
0.70716,2.6670879363966336,-9.48637988299137
0.7071609999999999,2.6670879363966336,-9.486379882991372
0.707162,2.6670879363966336,-9.486379882991375
0.707163,2.6670879363966336,-9.486379882991372
0.707164,2.6670879363966336,-9.486379882991383
0.7071649999999999,2.6670879363966336,-9.48637988299137
0.707166,2.6670879363966336,-9.486379882991375
0.707167,2.6670879363966336,-9.486379882991374
0.7071679999999999,2.6670879363966336,-9.486379882991372
0.7071689999999999,2.6670879363966336,-9.486379882991372
0.70717,2.6670879363966336,-9.48637988299137
0.707171,2.6670879363966336,-9.48637988299139
0.7071719999999999,2.6670879363966336,-9.48637988299137
0.7071729999999999,2.6670879363966336,-9.486379882991372
0.707175,2.6670879363966336,-9.486379882991372
0.707174,2.6670879363966336,-9.48637988299139
0.7071759999999999,2.6670879363966336,-9.486379882991388
0.707177,2.6670879363966336,-9.486379882991386
0.707179,2.6670879363966336,-9.486379882991372
0.707178,2.6670879363966336,-9.486379882991375
0.7071799999999999,2.6670879363966336,-9.486379882991372
0.707181,2.6670879363966336,-9.48637988299139
0.707182,2.6670879363966336,-9.486379882991375
0.707183,2.6670879363966336,-9.486379882991383
0.7071839999999999,2.6670879363966336,-9.486379882991374
0.707185,2.6670879363966336,-9.48637988299137
0.707186,2.6670879363966336,-9.486379882991383
0.707187,2.6670879363966336,-9.48637988299137
0.7071879999999999,2.6670879363966336,-9.486379882991383
0.707189,2.6670879363966336,-9.486379882991372
0.707191,2.6670879363966336,-9.486379882991375
0.70719,2.6670879363966336,-9.486379882991383
0.7071919999999999,2.6670879363966336,-9.48637988299139
0.707193,2.6670879363966336,-9.486379882991372
0.707194,2.6670879363966336,-9.48637988299137
0.7071949999999999,2.6670879363966336,-9.486379882991372
0.707197,2.6670879363966336,-9.48637988299139
0.7071959999999999,2.6670879363966336,-9.48637988299137
0.707198,2.6670879363966336,-9.486379882991372
0.7071989999999999,2.6670879363966336,-9.486379882991372
0.7071999999999999,2.6670879363966336,-9.48637988299137
0.707201,2.6670879363966336,-9.486379882991372
0.707202,2.6670879363966336,-9.486379882991374
0.7072029999999999,2.6670879363966336,-9.48637988299139
0.7072039999999999,2.6670879363966336,-9.48637988299137
0.707205,2.6670879363966336,-9.486379882991372
0.707206,2.6670879363966336,-9.486379882991372
0.7072069999999999,2.6670879363966336,-9.486379882991372
0.707209,2.6670879363966336,-9.48637988299137
0.707208,2.6670879363966336,-9.486379882991383
0.70721,2.6670879363966336,-9.486379882991372
0.7072109999999999,2.6670879363966336,-9.486379882991375
0.707212,2.6670879363966336,-9.48637988299137
0.707213,2.6670879363966336,-9.486379882991395
0.707214,2.6670879363966336,-9.486379882991372
0.7072149999999999,2.6670879363966336,-9.486379882991372
0.707216,2.6670879363966336,-9.486379882991372
0.707217,2.6670879363966336,-9.48637988299137
0.707218,2.6670879363966336,-9.486379882991374
0.7072189999999999,2.6670879363966336,-9.486379882991372
0.70722,2.6670879363966336,-9.48637988299137
0.707221,2.6670879363966336,-9.48637988299137
0.707222,2.6670879363966336,-9.486379882991372
0.707224,2.6670879363966336,-9.486379882991372
0.7072229999999999,2.6670879363966336,-9.486379882991374
0.707225,2.6670879363966336,-9.48637988299137
0.7072259999999999,2.6670879363966336,-9.486379882991372
0.707228,2.6670879363966336,-9.486379882991372
0.7072269999999999,2.6670879363966336,-9.486379882991372
0.7072299999999999,2.6670879363966336,-9.486379882991383
0.707229,2.6670879363966336,-9.486379882991372
0.7072309999999999,2.6670879363966336,-9.486379882991372
0.707232,2.6670879363966336,-9.486379882991372
0.707236,2.6670879363966336,-9.486379882991372
0.707233,2.6670879363966336,-9.48637988299139
0.7072339999999999,2.6670879363966336,-9.48637988299137
0.707235,2.6670879363966336,-9.486379882991374
0.707237,2.6670879363966336,-9.48637988299139
0.7072379999999999,2.6670879363966336,-9.486379882991372
0.707241,2.6670879363966336,-9.48637988299137
0.70724,2.6670879363966336,-9.486379882991386
0.7072419999999999,2.6670879363966336,-9.486379882991372
0.707239,2.6670879363966336,-9.486379882991372
0.707243,2.6670879363966336,-9.486379882991372
0.707244,2.6670879363966336,-9.486379882991372
0.707248,2.6670879363966336,-9.486379882991372
0.7072459999999999,2.6670879363966336,-9.486379882991372
0.707245,2.6670879363966336,-9.486379882991372
0.707247,2.6670879363966336,-9.48637988299139
0.707249,2.6670879363966336,-9.486379882991372
0.7072499999999999,2.6670879363966336,-9.486379882991372
0.707251,2.6670879363966336,-9.48637988299137
0.707252,2.6670879363966336,-9.486379882991374
0.7072529999999999,2.6670879363966336,-9.486379882991367
0.7072539999999999,2.6670879363966336,-9.486379882991363
0.707255,2.6670879363966336,-9.48637988299137
0.707256,2.6670879363966336,-9.486379882991372
0.7072579999999999,2.6670879363966336,-9.486379882991386
0.707259,2.6670879363966336,-9.48637988299139
0.70726,2.6670879363966336,-9.48637988299137
0.7072569999999999,2.6670879363966336,-9.48637988299137
0.7072609999999999,2.6670879363966336,-9.486379882991372
0.707262,2.6670879363966336,-9.486379882991372
0.707263,2.6670879363966336,-9.48637988299137
0.707266,2.6670879363966336,-9.48637988299139
0.707264,2.6670879363966336,-9.486379882991363
0.7072649999999999,2.6670879363966336,-9.486379882991372
0.707267,2.6670879363966336,-9.486379882991372
0.7072689999999999,2.6670879363966336,-9.48637988299138
0.707268,2.6670879363966336,-9.486379882991372
0.707271,2.6670879363966336,-9.486379882991363
0.707272,2.6670879363966336,-9.486379882991372
0.70727,2.6670879363966336,-9.48637988299137
0.7072729999999999,2.6670879363966336,-9.486379882991363
0.707274,2.6670879363966336,-9.486379882991374
0.707275,2.6670879363966336,-9.48637988299137
0.707276,2.6670879363966336,-9.48637988299137
0.7072769999999999,2.6670879363966336,-9.486379882991375
0.707278,2.6670879363966336,-9.48637988299137
0.707279,2.6670879363966336,-9.486379882991372
0.7072799999999999,2.6670879363966336,-9.486379882991372
0.707282,2.6670879363966336,-9.486379882991372
0.7072809999999999,2.6670879363966336,-9.486379882991386
0.7072839999999999,2.6670879363966336,-9.486379882991372
0.707283,2.6670879363966336,-9.486379882991372
0.7072849999999999,2.6670879363966336,-9.486379882991372
0.707286,2.6670879363966336,-9.486379882991372
0.707287,2.6670879363966336,-9.48637988299139
0.7072879999999999,2.6670879363966336,-9.48637988299137
0.70729,2.6670879363966336,-9.486379882991372
0.707289,2.6670879363966336,-9.486379882991377
0.707291,2.6670879363966336,-9.486379882991363
0.7072919999999999,2.6670879363966336,-9.48637988299137
0.707293,2.6670879363966336,-9.48637988299139
0.707294,2.6670879363966336,-9.486379882991372
0.7072959999999999,2.6670879363966336,-9.486379882991372
0.707295,2.6670879363966336,-9.486379882991383
0.707297,2.6670879363966336,-9.48637988299139
0.707298,2.6670879363966336,-9.48637988299137
0.707299,2.6670879363966336,-9.486379882991374
0.707302,2.6670879363966336,-9.486379882991375
0.7072999999999999,2.6670879363966336,-9.486379882991374
0.707301,2.6670879363966336,-9.486379882991372
0.707303,2.6670879363966336,-9.486379882991383
0.7073039999999999,2.6670879363966336,-9.486379882991375
0.707305,2.6670879363966336,-9.486379882991374
0.7073069999999999,2.6670879363966336,-9.48637988299137
0.707306,2.6670879363966336,-9.48637988299137
0.7073079999999999,2.6670879363966336,-9.48637988299137
0.707309,2.6670879363966336,-9.486379882991372
0.70731,2.6670879363966336,-9.48637988299139
0.7073119999999999,2.6670879363966336,-9.486379882991372
0.7073109999999999,2.6670879363966336,-9.48637988299137
0.707313,2.6670879363966336,-9.486379882991372
0.707314,2.6670879363966336,-9.48637988299139
0.7073149999999999,2.6670879363966336,-9.486379882991375
0.707316,2.6670879363966336,-9.486379882991372
0.707317,2.6670879363966336,-9.486379882991372
0.707318,2.6670879363966336,-9.486379882991383
0.7073189999999999,2.6670879363966336,-9.48637988299137
0.70732,2.6670879363966336,-9.486379882991374
0.707321,2.6670879363966336,-9.486379882991374
0.707322,2.6670879363966336,-9.486379882991375
0.7073229999999999,2.6670879363966336,-9.486379882991383
0.707324,2.6670879363966336,-9.486379882991372
0.707325,2.6670879363966336,-9.48637988299137
0.707326,2.6670879363966336,-9.486379882991386
0.707328,2.6670879363966336,-9.486379882991372
0.7073269999999999,2.6670879363966336,-9.486379882991384
0.707329,2.6670879363966336,-9.486379882991374
0.70733,2.6670879363966336,-9.48637988299137
0.7073309999999999,2.6670879363966336,-9.486379882991374
0.707332,2.6670879363966336,-9.48637988299139
0.707333,2.6670879363966336,-9.48637988299137
0.7073339999999999,2.6670879363966336,-9.486379882991375
0.7073349999999999,2.6670879363966336,-9.486379882991372
0.707336,2.6670879363966336,-9.486379882991372
0.707337,2.6670879363966336,-9.486379882991375
0.7073379999999999,2.6670879363966336,-9.486379882991374
0.70734,2.6670879363966336,-9.486379882991372
0.7073389999999999,2.6670879363966336,-9.486379882991372
0.707341,2.6670879363966336,-9.48637988299139
0.7073429999999999,2.6670879363966336,-9.486379882991375
0.7073419999999999,2.6670879363966336,-9.486379882991383
0.707344,2.6670879363966336,-9.48637988299139
0.707345,2.6670879363966336,-9.486379882991374
0.7073459999999999,2.6670879363966336,-9.48637988299137
0.707347,2.6670879363966336,-9.486379882991363
0.707349,2.6670879363966336,-9.486379882991374
0.707348,2.6670879363966336,-9.486379882991372
0.7073499999999999,2.6670879363966336,-9.486379882991372
0.707352,2.6670879363966336,-9.486379882991372
0.707351,2.6670879363966336,-9.486379882991383
0.707353,2.6670879363966336,-9.486379882991379
0.7073539999999999,2.6670879363966336,-9.486379882991374
0.707356,2.6670879363966336,-9.486379882991386
0.707355,2.6670879363966336,-9.48637988299139
0.707357,2.6670879363966336,-9.48637988299137
0.707359,2.6670879363966336,-9.48637988299137
0.7073579999999999,2.6670879363966336,-9.486379882991386
0.70736,2.6670879363966336,-9.48637988299137
0.7073619999999999,2.6670879363966336,-9.486379882991372
0.707361,2.6670879363966336,-9.486379882991372
0.707363,2.6670879363966336,-9.486379882991386
0.707364,2.6670879363966336,-9.486379882991383
0.7073649999999999,2.6670879363966336,-9.486379882991404
0.7073659999999999,2.6670879363966336,-9.486379882991386
0.707367,2.6670879363966336,-9.486379882991386
0.707368,2.6670879363966336,-9.486379882991372
0.7073699999999999,2.6670879363966336,-9.486379882991374
0.7073689999999999,2.6670879363966336,-9.486379882991374
0.707371,2.6670879363966336,-9.486379882991374
0.707372,2.6670879363966336,-9.486379882991374
0.7073729999999999,2.6670879363966336,-9.486379882991372
0.707374,2.6670879363966336,-9.486379882991372
0.707376,2.6670879363966336,-9.48637988299139
0.707375,2.6670879363966336,-9.486379882991372
0.7073769999999999,2.6670879363966336,-9.486379882991374
0.707378,2.6670879363966336,-9.486379882991372
0.707379,2.6670879363966336,-9.486379882991365
0.70738,2.6670879363966336,-9.486379882991372
0.7073809999999999,2.6670879363966336,-9.486379882991372
0.707382,2.6670879363966336,-9.486396095178979
0.707383,2.6670879363966336,-9.486379882991372
0.707384,2.6670879363966336,-9.486411008279166
0.7073849999999999,2.6670879363966336,-14.571279018435021
0.707386,2.6670879363966336,-9.486379882991395
0.707387,2.6670879363966336,-14.571279018435021
0.7073889999999999,2.6670879363966336,-9.486459903396605
0.707388,2.6670879363966336,-13.285413285331312
0.70739,2.6670879363966336,-13.284776544426308
0.707391,2.6670879363966336,-9.486379882991386
0.7073919999999999,2.6670879363966336,-9.486489240544126
0.7073929999999999,2.6670879363966336,-14.571279018435021
0.707395,2.6670879363966336,-14.571279018435026
0.707394,2.6670879363966336,-14.571279018435021
0.7073969999999999,2.6670879363966336,-14.571279018435021
0.7073959999999999,2.6670879363966336,-14.571279018435023
0.707398,2.6670879363966336,-14.571279018435021
0.707399,2.6670879363966336,-14.571279018435021
0.7073999999999999,2.6670879363966336,-14.571279018435021
0.707401,2.6670879363966336,-14.57127901843502
0.707402,2.6670879363966336,-14.571279018435021
0.7074039999999999,2.6670879363966336,-14.571279018435021
0.707403,2.6670879363966336,-14.571279018435021
0.707407,2.6670879363966336,
0.7074079999999999,2.6670879363966336,
0.70741,2.6670879363966336,
0.707405,2.6670879363966336,-14.571279018435021
0.707406,2.6670879363966336,-14.571279018435023
0.707409,2.6670879363966336,
0.707411,2.6670879363966336,
0.7074119999999999,2.6670879363966336,
0.707413,2.6670879363966336,
0.7074159999999999,2.6670879363966336,
0.707414,2.6670879363966336,
0.707415,2.6670879363966336,
0.707417,2.6670879363966336,
0.707418,2.6670879363966336,
0.7074199999999999,2.6670879363966336,
0.7074189999999999,2.6670879363966336,
0.707421,2.6670879363966336,
0.707422,2.6670879363966336,
0.7074229999999999,2.6670879363966336,
0.707425,2.6670879363966336,
0.7074239999999999,2.6670879363966336,
0.707426,2.6670879363966336,
0.7074269999999999,2.6670879363966336,
0.707428,2.6670879363966336,
0.707429,2.6670879363966336,
0.7074309999999999,2.6670879363966336,
0.707432,2.6670879363966336,
0.707433,2.6670879363966336,
0.707434,2.6670879363966336,
0.70743,2.6670879363966336,
0.7074349999999999,2.6670879363966336,
0.707437,2.6670879363966336,
0.707436,2.6670879363966336,
0.70744,2.6670879363966336,
0.707438,2.6670879363966336,
0.7074389999999999,2.6670879363966336,
0.707441,2.6670879363966336,
0.707444,2.6670879363966336,
0.7074429999999999,2.6670879363966336,
0.707442,2.6670879363966336,
0.707445,2.6670879363966336,
0.7074459999999999,2.6670879363966336,
0.7074469999999999,2.6670879363966336,
0.707448,2.6670879363966336,
0.7074499999999999,2.6670879363966336,
0.707449,2.6670879363966336,
0.7074509999999999,2.6670879363966336,
0.707452,2.6670879363966336,
0.707453,2.6670879363966336,
0.707455,2.6670879363966336,
0.707456,2.6670879363966336,
0.707457,2.6670879363966336,
0.7074539999999999,2.6670879363966336,
0.7074579999999999,2.6670879363966336,
0.707459,2.6670879363966336,
0.70746,2.6670879363966336,
0.707461,2.6670879363966336,
0.707463,2.6670879363966336,
0.7074619999999999,2.6670879363966336,
0.707464,2.6670879363966336,
0.707465,2.6670879363966336,
0.707468,2.6670879363966336,
0.7074659999999999,2.6670879363966336,
0.707467,2.6670879363966336,
0.707469,2.6670879363966336,
0.7074699999999999,2.6670879363966336,
0.707472,2.6670879363966336,
0.707471,2.6670879363966336,
0.7074729999999999,2.6670879363966336,
0.7074739999999999,2.6670879363966336,
0.707475,2.6670879363966336,
0.707476,2.6670879363966336,
0.7074779999999999,2.6670879363966336,
0.707479,2.6670879363966336,
0.70748,2.6670879363966336,
0.7074769999999999,2.6670879363966336,
0.7074809999999999,2.6670879363966336,
0.7074819999999999,2.6670879363966336,
0.707483,2.6670879363966336,
0.707484,2.6670879363966336,
0.7074849999999999,2.6670879363966336,
0.707486,2.6670879363966336,
0.707487,2.6670879363966336,
0.707488,2.6670879363966336,
0.707492,2.6670879363966336,
0.7074889999999999,2.6670879363966336,
0.70749,2.6670879363966336,
0.707491,2.6670879363966336,
0.7074929999999999,2.6670879363966336,
0.707494,2.6670879363966336,
0.707495,2.6670879363966336,
0.707496,2.6670879363966336,
0.7074969999999999,2.6670879363966336,
0.707498,2.6670879363966336,
0.707499,2.6670879363966336,
0.7075,2.6670879363966336,
0.707502,2.6670879363966336,
0.707503,2.6670879363966336,
0.7075039999999999,2.6670879363966336,
0.7075049999999999,2.6670879363966336,
0.7075009999999999,2.6670879363966336,
0.707506,2.6670879363966336,
0.707507,2.6670879363966336,
0.7075079999999999,2.6670879363966336,
0.7075089999999999,2.6670879363966336,
0.707511,2.6670879363966336,
0.70751,2.6670879363966336,
0.7075119999999999,2.6670879363966336,
0.7075159999999999,2.6670879363966336,
0.707513,2.6670879363966336,
0.707514,2.6670879363966336,
0.707515,2.6670879363966336,
0.707517,2.6670879363966336,
0.707518,2.6670879363966336,
0.707519,2.6670879363966336,
0.7075199999999999,2.6670879363966336,
0.707522,2.6670879363966336,
0.707521,2.6670879363966336,
0.707523,2.6670879363966336,
0.7075239999999999,2.6670879363966336,
0.707526,2.6670879363966336,
0.707527,2.6670879363966336,
0.7075279999999999,2.6670879363966336,
0.707525,2.6670879363966336,
0.707529,2.6670879363966336,
0.70753,2.6670879363966336,
0.7075309999999999,2.6670879363966336,
0.7075319999999999,2.6670879363966336,
0.707533,2.6670879363966336,
0.707534,2.6670879363966336,
0.7075349999999999,2.6670879363966336,
0.7075359999999999,2.6670879363966336,
0.707537,2.6670879363966336,
0.70754,2.6670879363966336,
0.707538,2.6670879363966336,
0.7075389999999999,2.6670879363966336,
0.707541,2.6670879363966336,
0.707542,2.6670879363966336,
0.7075429999999999,2.6670879363966336,
0.707544,2.6670879363966336,
0.707545,2.6670879363966336,
0.707546,2.6670879363966336,
0.7075469999999999,2.6670879363966336,
0.707548,2.6670879363966336,
0.707549,2.6670879363966336,
0.7075509999999999,2.6670879363966336,
0.707552,2.6670879363966336,
0.707553,2.6670879363966336,
0.70755,2.6670879363966336,
0.707554,2.6670879363966336,
0.7075549999999999,2.6670879363966336,
0.707556,2.6670879363966336,
0.707557,2.6670879363966336,
0.7075589999999999,2.6670879363966336,
0.7075579999999999,2.6670879363966336,
0.70756,2.6670879363966336,
0.707561,2.6670879363966336,
0.707564,2.6670879363966336,
0.7075619999999999,2.6670879363966336,
0.7075629999999999,2.6670879363966336,
0.707565,2.6670879363966336,
0.7075659999999999,2.6670879363966336,
0.707567,2.6670879363966336,
0.707568,2.6670879363966336,
0.707569,2.6670879363966336,
0.7075699999999999,2.6670879363966336,
0.707571,2.6670879363966336,
0.707572,2.6670879363966336,
0.707573,2.6670879363966336,
0.707575,2.6670879363966336,
0.707576,2.6670879363966336,
0.707577,2.6670879363966336,
0.7075739999999999,2.6670879363966336,
0.7075779999999999,2.6670879363966336,
0.707579,2.6670879363966336,
0.70758,2.6670879363966336,
0.707581,2.6670879363966336,
0.707583,2.6670879363966336,
0.7075819999999999,2.6670879363966336,
0.707584,2.6670879363966336,
0.7075849999999999,2.6670879363966336,
0.707588,2.6670879363966336,
0.7075859999999999,2.6670879363966336,
0.707587,2.6670879363966336,
0.7075889999999999,2.6670879363966336,
0.7075899999999999,2.6670879363966336,
0.707591,2.6670879363966336,
0.707592,2.6670879363966336,
0.707594,2.6670879363966336,
0.7075929999999999,2.6670879363966336,
0.707595,2.6670879363966336,
0.707596,2.6670879363966336,
0.7075969999999999,2.6670879363966336,
0.707599,2.6670879363966336,
0.7076,2.6670879363966336,
0.7076009999999999,2.6670879363966336,
0.707598,2.6670879363966336,
0.707602,2.6670879363966336,
0.707603,2.6670879363966336,
0.707604,2.6670879363966336,
0.7076049999999999,2.6670879363966336,
0.707607,2.6670879363966336,
0.707606,2.6670879363966336,
0.707608,2.6670879363966336,
0.7076089999999999,2.6670879363966336,
0.7076119999999999,2.6670879363966336,
0.70761,2.6670879363966336,
0.707611,2.6670879363966336,
0.7076129999999999,2.6670879363966336,
0.707614,2.6670879363966336,
0.707615,2.6670879363966336,
0.7076159999999999,2.6670879363966336,
0.7076169999999999,2.6670879363966336,
0.707618,2.6670879363966336,
0.707619,2.6670879363966336,
0.7076199999999999,2.6670879363966336,
0.7076209999999999,2.6670879363966336,
0.707622,2.6670879363966336,
0.707623,2.6670879363966336,
0.707625,2.6670879363966336,
0.7076239999999999,2.6670879363966336,
0.707626,2.6670879363966336,
0.707627,2.6670879363966336,
0.707629,2.6670879363966336,
0.70763,2.6670879363966336,
0.707631,2.6670879363966336,
0.7076279999999999,2.6670879363966336,
0.7076319999999999,2.6670879363966336,
0.707637,2.6670879363966336,
0.707633,2.6670879363966336,
0.707634,2.6670879363966336,
0.7076359999999999,2.6670879363966336,
0.707635,2.6670879363966336,
0.707638,2.6670879363966336,
0.7076389999999999,2.6670879363966336,
0.7076399999999999,2.6670879363966336,
0.707641,2.6670879363966336,
0.707642,2.6670879363966336,
0.7076429999999999,2.6670879363966336,
0.7076439999999999,2.6670879363966336,
0.707645,2.6670879363966336,
0.707646,2.6670879363966336,
0.7076469999999999,2.6670879363966336,
0.7076479999999999,2.6670879363966336,
0.707649,2.6670879363966336,
0.70765,2.6670879363966336,
0.707652,2.6670879363966336,
0.707653,2.6670879363966336,
0.707654,2.6670879363966336,
0.7076549999999999,2.6670879363966336,
0.7076509999999999,2.6670879363966336,
0.707656,2.6670879363966336,
0.707657,2.6670879363966336,
0.707658,2.6670879363966336,
0.7076589999999999,2.6670879363966336,
0.707661,2.6670879363966336,
0.70766,2.6670879363966336,
0.707662,2.6670879363966336,
0.707666,2.6670879363966336,
0.7076629999999999,2.6670879363966336,
0.707664,2.6670879363966336,
0.707665,2.6670879363966336,
0.7076669999999999,2.6670879363966336,
0.707668,2.6670879363966336,
0.707669,2.6670879363966336,
0.7076699999999999,2.6670879363966336,
0.7076709999999999,2.6670879363966336,
0.707672,2.6670879363966336,
0.707673,2.6670879363966336,
0.7076739999999999,2.6670879363966336,
0.707676,2.6670879363966336,
0.707677,2.6670879363966336,
0.7076779999999999,2.6670879363966336,
0.707679,2.6670879363966336,
0.7076749999999999,2.6670879363966336,
0.70768,2.6670879363966336,
0.707681,2.6670879363966336,
0.7076819999999999,2.6670879363966336,
0.707683,2.6670879363966336,
0.707685,2.6670879363966336,
0.707684,2.6670879363966336,
0.7076859999999999,2.6670879363966336,
0.7076899999999999,2.6670879363966336,
0.707687,2.6670879363966336,
0.707688,2.6670879363966336,
0.707689,2.6670879363966336,
0.707691,2.6670879363966336,
0.707692,2.6670879363966336,
0.707693,2.6670879363966336,
0.7076939999999999,2.6670879363966336,
0.707695,2.6670879363966336,
0.707696,2.6670879363966336,
0.7076969999999999,2.6670879363966336,
0.7076979999999999,2.6670879363966336,
0.7077,2.6670879363966336,
0.7077009999999999,2.6670879363966336,
0.707703,2.6670879363966336,
0.7077019999999999,2.6670879363966336,
0.707699,2.6670879363966336,
0.707704,2.6670879363966336,
0.7077049999999999,2.6670879363966336,
0.707706,2.6670879363966336,
0.707708,2.6670879363966336,
0.7077089999999999,2.6670879363966336,
0.707707,2.6670879363966336,
0.70771,2.6670879363966336,
0.707711,2.6670879363966336,
0.707714,2.6670879363966336,
0.707712,2.6670879363966336,
0.7077129999999999,2.6670879363966336,
0.707715,2.6670879363966336,
0.707716,2.6670879363966336,
0.7077169999999999,2.6670879363966336,
0.707718,2.6670879363966336,
0.707719,2.6670879363966336,
0.70772,2.6670879363966336,
0.7077209999999999,2.6670879363966336,
0.707722,2.6670879363966336,
0.707723,2.6670879363966336,
0.7077249999999999,2.6670879363966336,
0.707727,2.6670879363966336,
0.707726,2.6670879363966336,
0.7077239999999999,2.6670879363966336,
0.7077279999999999,2.6670879363966336,
0.7077289999999999,2.6670879363966336,
0.70773,2.6670879363966336,
0.7077319999999999,2.6670879363966336,
0.707733,2.6670879363966336,
0.707731,2.6670879363966336,
0.707734,2.6670879363966336,
0.707738,2.6670879363966336,
0.707735,2.6670879363966336,
0.7077359999999999,2.6670879363966336,
0.707739,2.6670879363966336,
0.707737,2.6670879363966336,
0.7077399999999999,2.6670879363966336,
0.707742,2.6670879363966336,
0.707741,2.6670879363966336,
0.707743,2.6670879363966336,
0.7077439999999999,2.6670879363966336,
0.707745,2.6670879363966336,
0.707746,2.6670879363966336,
0.707747,2.6670879363966336,
0.707749,2.6670879363966336,
0.70775,2.6670879363966336,
0.7077509999999999,2.6670879363966336,
0.7077519999999999,2.6670879363966336,
0.7077479999999999,2.6670879363966336,
0.707753,2.6670879363966336,
0.707754,2.6670879363966336,
0.7077559999999999,2.6670879363966336,
0.707758,2.6670879363966336,
0.7077549999999999,2.6670879363966336,
0.707757,2.6670879363966336,
0.7077589999999999,2.6670879363966336,
0.707762,2.6670879363966336,
0.7077629999999999,2.6670879363966336,
0.70776,2.6670879363966336,
0.707761,2.6670879363966336,
0.707764,2.6670879363966336,
0.707765,2.6670879363966336,
0.707766,2.6670879363966336,
0.7077669999999999,2.6670879363966336,
0.707768,2.6670879363966336,
0.707769,2.6670879363966336,
0.70777,2.6670879363966336,
0.7077709999999999,2.6670879363966336,
0.707773,2.6670879363966336,
0.7077749999999999,2.6670879363966336,
0.707774,2.6670879363966336,
0.707776,2.6670879363966336,
0.707772,2.6670879363966336,
0.707777,2.6670879363966336,
0.7077789999999999,2.6670879363966336,
0.70778,2.6670879363966336,
0.7077819999999999,2.6670879363966336,
0.7077779999999999,2.6670879363966336,
0.707781,2.6670879363966336,
0.7077829999999999,2.6670879363966336,
0.7077859999999999,2.6670879363966336,
0.7077869999999999,2.6670879363966336,
0.707784,2.6670879363966336,
0.707785,2.6670879363966336,
0.707788,2.6670879363966336,
0.707789,2.6670879363966336,
0.7077899999999999,2.6670879363966336,
0.707791,2.6670879363966336,
0.707792,2.6670879363966336,
0.707793,2.6670879363966336,
0.7077939999999999,2.6670879363966336,
0.707795,2.6670879363966336,
0.707797,2.6670879363966336,
0.7077979999999999,2.6670879363966336,
0.707799,2.6670879363966336,
0.7078,2.6670879363966336,
0.707796,2.6670879363966336,
0.707801,2.6670879363966336,
0.707803,2.6670879363966336,
0.707804,2.6670879363966336,
0.7078059999999999,2.6670879363966336,
0.7078019999999999,2.6670879363966336,
0.707805,2.6670879363966336,
0.707807,2.6670879363966336,
0.7078099999999999,2.6670879363966336,
0.707811,2.6670879363966336,
0.707808,2.6670879363966336,
0.7078089999999999,2.6670879363966336,
0.707812,2.6670879363966336,
0.7078139999999999,2.6670879363966336,
0.7078129999999999,2.6670879363966336,
0.707815,2.6670879363966336,
0.707816,2.6670879363966336,
0.7078169999999999,2.6670879363966336,
0.707818,2.6670879363966336,
0.70782,2.6670879363966336,
0.7078209999999999,2.6670879363966336,
0.707822,2.6670879363966336,
0.707823,2.6670879363966336,
0.707824,2.6670879363966336,
0.707819,2.6670879363966336,
0.7078249999999999,2.6670879363966336,
0.707827,2.6670879363966336,
0.707828,2.6670879363966336,
0.70783,2.6670879363966336,
0.707826,2.6670879363966336,
0.7078289999999999,2.6670879363966336,
0.707834,2.6670879363966336,
0.707831,2.6670879363966336,
0.707835,2.6670879363966336,
0.707832,2.6670879363966336,
0.7078329999999999,2.6670879363966336,
0.7078359999999999,2.6670879363966336,
0.7078369999999999,2.6670879363966336,
0.707838,2.6670879363966336,
0.707839,2.6670879363966336,
0.7078399999999999,2.6670879363966336,
0.7078409999999999,2.6670879363966336,
0.707842,2.6670879363966336,
0.707843,2.6670879363966336,
0.7078439999999999,2.6670879363966336,
0.707845,2.6670879363966336,
0.707846,2.6670879363966336,
0.707847,2.6670879363966336,
0.7078479999999999,2.6670879363966336,
0.70785,2.6670879363966336,
0.707851,2.6670879363966336,
0.7078519999999999,2.6670879363966336,
0.707849,2.6670879363966336,
0.707854,2.6670879363966336,
0.707853,2.6670879363966336,
0.707858,2.6670879363966336,
0.707855,2.6670879363966336,
0.7078559999999999,2.6670879363966336,
0.707857,2.6670879363966336,
0.7078599999999999,2.6670879363966336,
0.707859,2.6670879363966336,
0.707861,2.6670879363966336,
0.707862,2.6670879363966336,
0.7078629999999999,2.6670879363966336,
0.7078639999999999,2.6670879363966336,
0.707865,2.6670879363966336,
0.707866,2.6670879363966336,
0.7078669999999999,2.6670879363966336,
0.7078679999999999,2.6670879363966336,
0.707869,2.6670879363966336,
0.70787,2.6670879363966336,
0.707872,2.6670879363966336,
0.7078709999999999,2.6670879363966336,
0.707874,2.6670879363966336,
0.7078749999999999,2.6670879363966336,
0.707876,2.6670879363966336,
0.707873,2.6670879363966336,
0.707878,2.6670879363966336,
0.707877,2.6670879363966336,
0.707882,2.6670879363966336,
0.7078789999999999,2.6670879363966336,
0.70788,2.6670879363966336,
0.707881,2.6670879363966336,
0.7078829999999999,2.6670879363966336,
0.707884,2.6670879363966336,
0.707885,2.6670879363966336,
0.707886,2.6670879363966336,
0.7078869999999999,2.6670879363966336,
0.707888,2.6670879363966336,
0.707889,2.6670879363966336,
0.7078899999999999,2.6670879363966336,
0.7078909999999999,2.6670879363966336,
0.707892,2.6670879363966336,
0.7078939999999999,2.6670879363966336,
0.707893,2.6670879363966336,
0.7078949999999999,2.6670879363966336,
0.707896,2.6670879363966336,
0.7078979999999999,2.6670879363966336,
0.707899,2.6670879363966336,
0.7079,2.6670879363966336,
0.707901,2.6670879363966336,
0.707897,2.6670879363966336,
0.7079019999999999,2.6670879363966336,
0.707903,2.6670879363966336,
0.707904,2.6670879363966336,
0.7079059999999999,2.6670879363966336,
0.707907,2.6670879363966336,
0.707905,2.6670879363966336,
0.707908,2.6670879363966336,
0.707912,2.6670879363966336,
0.707909,2.6670879363966336,
0.7079099999999999,2.6670879363966336,
0.707913,2.6670879363966336,
0.707911,2.6670879363966336,
0.7079139999999999,2.6670879363966336,
0.707915,2.6670879363966336,
0.707916,2.6670879363966336,
0.7079169999999999,2.6670879363966336,
0.7079179999999999,2.6670879363966336,
0.707919,2.6670879363966336,
0.70792,2.6670879363966336,
0.7079219999999999,2.6670879363966336,
0.707923,2.6670879363966336,
0.707924,2.6670879363966336,
0.7079209999999999,2.6670879363966336,
0.7079249999999999,2.6670879363966336,
0.7079259999999999,2.6670879363966336,
0.707927,2.6670879363966336,
0.707928,2.6670879363966336,
0.707931,2.6670879363966336,
0.70793,2.6670879363966336,
0.7079289999999999,2.6670879363966336,
0.707932,2.6670879363966336,
0.707936,2.6670879363966336,
0.7079329999999999,2.6670879363966336,
0.707934,2.6670879363966336,
0.7079369999999999,2.6670879363966336,
0.707935,2.6670879363966336,
0.707938,2.6670879363966336,
0.707939,2.6670879363966336,
0.70794,2.6670879363966336,
0.7079409999999999,2.6670879363966336,
0.707942,2.6670879363966336,
0.707943,2.6670879363966336,
0.707944,2.6670879363966336,
0.707946,2.6670879363966336,
0.707947,2.6670879363966336,
0.7079479999999999,2.6670879363966336,
0.7079489999999999,2.6670879363966336,
0.7079449999999999,2.6670879363966336,
0.70795,2.6670879363966336,
0.707951,2.6670879363966336,
0.7079519999999999,2.6670879363966336,
0.707954,2.6670879363966336,
0.707955,2.6670879363966336,
0.7079529999999999,2.6670879363966336,
0.7079559999999999,2.6670879363966336,
0.7079599999999999,2.6670879363966336,
0.707957,2.6670879363966336,
0.707958,2.6670879363966336,
0.707959,2.6670879363966336,
0.707961,2.6670879363966336,
0.707962,2.6670879363966336,
0.707963,2.6670879363966336,
0.7079639999999999,2.6670879363966336,
0.707965,2.6670879363966336,
0.707967,2.6670879363966336,
0.707966,2.6670879363966336,
0.7079679999999999,2.6670879363966336,
0.70797,2.6670879363966336,
0.707971,2.6670879363966336,
0.7079719999999999,2.6670879363966336,
0.707973,2.6670879363966336,
0.707974,2.6670879363966336,
0.707969,2.6670879363966336,
0.7079749999999999,2.6670879363966336,
0.7079759999999999,2.6670879363966336,
0.707978,2.6670879363966336,
0.7079799999999999,2.6670879363966336,
0.707977,2.6670879363966336,
0.7079789999999999,2.6670879363966336,
0.707984,2.6670879363966336,
0.707981,2.6670879363966336,
0.707982,2.6670879363966336,
0.707985,2.6670879363966336,
0.7079829999999999,2.6670879363966336,
0.707986,2.6670879363966336,
0.7079869999999999,2.6670879363966336,
0.707988,2.6670879363966336,
0.707989,2.6670879363966336,
0.70799,2.6670879363966336,
0.707992,2.6670879363966336,
0.7079909999999999,2.6670879363966336,
0.707994,2.6670879363966336,
0.7079949999999999,2.6670879363966336,
0.707996,2.6670879363966336,
0.707997,2.6670879363966336,
0.707993,2.6670879363966336,
0.707998,2.6670879363966336,
0.7079989999999999,2.6670879363966336,
0.708,2.6670879363966336,
0.71368,2.6670879363966336,
0.71226,2.6670879363966336,
0.7094199999999999,2.6670879363966336,
0.7108399999999999,2.6670879363966336,
0.71936,2.6670879363966336,
0.7151,2.6670879363966336,
0.7165199999999999,2.6670879363966336,
0.72078,2.6670879363966336,
0.7222,2.6670879363966336,
0.7179399999999999,2.6670879363966336,
0.7236199999999999,2.6670879363966336,
0.72504,2.6670879363966336,
0.72646,2.6670879363966336,
0.72788,2.6670879363966336,
0.7293,2.6670879363966336,
0.7307199999999999,2.6670879363966336,
0.73356,2.6670879363966336,
0.73498,2.6670879363966336,
0.7363999999999999,2.6670879363966336,
0.7378199999999999,2.6670879363966336,
0.73214,2.6670879363966336,
0.73924,2.6670879363966336,
0.74066,2.6670879363966336,
0.74208,2.6670879363966336,
0.74634,2.6670879363966336,
0.74776,2.6670879363966336,
0.7434999999999999,2.6670879363966336,
0.74492,2.6670879363966336,
0.75202,2.6670879363966336,
0.74918,2.6670879363966336,
0.7505999999999999,2.6670879363966336,
0.75486,2.6670879363966336,
0.75628,2.6670879363966336,
0.75344,2.6670879363966336,
0.7576999999999999,2.6670879363966336,
0.75912,2.6670879363966336,
0.76054,2.6670879363966336,
0.76196,2.6670879363966336,
0.76338,2.6670879363966336,
0.7647999999999999,2.6670879363966336,
0.76764,2.6670879363966336,
0.76906,2.6670879363966336,
0.7704799999999999,2.6670879363966336,
0.76622,2.6670879363966336,
0.7719,2.6670879363966336,
0.77332,2.6670879363966336,
0.77474,2.6670879363966336,
0.77616,2.6670879363966336,
0.7789999999999999,2.6670879363966336,
0.78184,2.6670879363966336,
0.7775799999999999,2.6670879363966336,
0.78042,2.6670879363966336,
0.7861,2.6670879363966336,
0.78326,2.6670879363966336,
0.7846799999999999,2.6670879363966336,
0.78894,2.6670879363966336,
0.78752,2.6670879363966336,
0.79036,2.6670879363966336,
0.7917799999999999,2.6670879363966336,
0.7932,2.6670879363966336,
0.79462,2.6670879363966336,
0.79604,2.6670879363966336,
0.79888,2.6670879363966336,
0.79746,2.6670879363966336,
0.80172,2.6670879363966336,
0.80314,2.6670879363966336,
0.8045599999999999,2.6670879363966336,
0.8003,2.6670879363966336,
0.8059799999999999,2.6670879363966336,
0.8074,2.6670879363966336,
0.80882,2.6670879363966336,
0.81024,2.6670879363966336,
0.81308,2.6670879363966336,
0.81592,2.6670879363966336,
0.8116599999999999,2.6670879363966336,
0.8145,2.6670879363966336,
0.82018,2.6670879363966336,
0.81734,2.6670879363966336,
0.8187599999999999,2.6670879363966336,
0.82302,2.6670879363966336,
0.82444,2.6670879363966336,
0.8216,2.6670879363966336,
0.82586,2.6670879363966336,
0.82728,2.6670879363966336,
0.8287,2.6670879363966336,
0.83012,2.6670879363966336,
0.83154,2.6670879363966336,
0.8329599999999999,2.6670879363966336,
0.83438,2.6670879363966336,
0.8358,2.6670879363966336,
0.83722,2.6670879363966336,
0.83864,2.6670879363966336,
0.84006,2.6670879363966336,
0.84148,2.6670879363966336,
0.84432,2.6670879363966336,
0.8457399999999999,2.6670879363966336,
0.84716,2.6670879363966336,
0.8429,2.6670879363966336,
0.84858,2.6670879363966336,
0.85,2.6670879363966336,
0.850208,2.6670879363966336,
0.850052,2.6670879363966336,
0.850104,2.6670879363966336,
0.850156,2.6670879363966336,
0.85026,2.6670879363966336,
0.850312,2.6670879363966336,
0.850364,2.6670879363966336,
0.850416,2.6670879363966336,
0.850468,2.6670879363966336,
0.8505199999999999,2.6670879363966336,
0.850572,2.6670879363966336,
0.8506239999999999,2.6670879363966336,
0.850676,2.6670879363966336,
0.8507279999999999,2.6670879363966336,
0.85078,2.6670879363966336,
0.850832,2.6670879363966336,
0.850884,2.6670879363966336,
0.850936,2.6670879363966336,
0.85104,2.6670879363966336,
0.851092,2.6670879363966336,
0.851144,2.6670879363966336,
0.850988,2.6670879363966336,
0.851196,2.6670879363966336,
0.851248,2.6670879363966336,
0.8513,2.6670879363966336,
0.851456,2.6670879363966336,
0.851352,2.6670879363966336,
0.8514039999999999,2.6670879363966336,
0.8515079999999999,2.6670879363966336,
0.85156,2.6670879363966336,
0.8516119999999999,2.6670879363966336,
0.851664,2.6670879363966336,
0.851716,2.6670879363966336,
0.851768,2.6670879363966336,
0.85182,2.6670879363966336,
0.851872,2.6670879363966336,
0.851924,2.6670879363966336,
0.851976,2.6670879363966336,
0.852028,2.6670879363966336,
0.85208,2.6670879363966336,
0.852132,2.6670879363966336,
0.8521839999999999,2.6670879363966336,
0.852236,2.6670879363966336,
0.85234,2.6670879363966336,
0.8523919999999999,2.6670879363966336,
0.852444,2.6670879363966336,
0.8522879999999999,2.6670879363966336,
0.852496,2.6670879363966336,
0.852548,2.6670879363966336,
0.8526,2.6670879363966336,
0.852756,2.6670879363966336,
0.852808,2.6670879363966336,
0.852652,2.6670879363966336,
0.852704,2.667087936396735,
0.85286,2.6670879363966336,
0.8529639999999999,2.6670879363966336,
0.852912,2.6670879363966336,
0.8530679999999999,2.6670879363966336,
0.85312,2.6670879363966336,
0.853016,2.6670879363966336,
0.8531719999999999,2.6670879363966336,
0.853224,2.6670879363966336,
0.853276,2.6670879363966336,
0.853328,2.6670879363966336,
0.85338,2.6670879363966336,
0.853432,2.6670879363966336,
0.853484,2.6670879363966336,
0.853588,2.6670879363966336,
0.85364,2.66708373961726,
0.853536,2.6670879363966336,
0.853692,2.667080884595859,
0.853796,1.429013708579649,
0.853744,1.4290137085796517,
0.8538479999999999,1.4290137085796357,
0.8539519999999999,1.4290137085796417,
0.854108,1.4290137085796502,
0.8539,1.429013708579645,
0.854004,1.4290137085796508,
0.8540559999999999,1.4290149456838748,
0.854212,1.4290137085796495,
0.85416,1.4290137085796513,
0.854368,1.4290137085796517,
0.854316,1.429013708579645,
0.854264,1.4290137085796513,
0.854472,1.4290149462908133,
0.854524,1.4290137085796513,
0.85442,1.4290137085796513,
0.854576,1.4290137085796513,
0.8546279999999999,1.4290137085796442,
0.85468,1.4290137085796495,
0.854784,1.4290137085796495,
0.8548359999999999,1.4290137085796424,
0.85494,1.4290137085796513,
0.854888,1.4290137085796508,
0.8547319999999999,1.429013708579641,
0.854992,1.4290137085796517,
0.855044,1.4290137085796517,
0.855096,1.4290137085796495,
0.855304,1.4290137085796486,
0.855252,1.429013708579642,
0.855148,1.4290140180378068,
0.8552,1.4290145338013545,
0.855356,1.429014018037785,
0.855408,1.4290137085796473,
0.8555119999999999,1.4290137085796517,
0.85546,0.0694951516254072,
0.855564,0.06949601745492662,
0.8556159999999999,0.0694960174549261,
0.855668,0.06949515162540365,
0.85572,0.06949515162540365,
0.855876,0.0694951516254072,
0.855772,0.0694960174549261,
0.855824,0.0694951516254072,
0.855928,0.0694951516254072,
0.85598,0.06949515173236165,
0.856032,0.06949645031621951,
0.856188,0.06949515162540533,
0.856084,0.0694951516254072,
0.85624,0.06949515162540365,
0.856136,0.06949515173235676,
0.8562919999999999,0.0694960174549261,
0.856344,0.06949515162540412,
0.8563959999999999,0.0694960174549261,
0.856552,0.0694960174549261,
0.856448,0.0694951516254072,
0.8565,0.0694951516254072,
0.856604,0.06949515173235676,
0.856656,0.06949515162540533,
0.85676,0.06949601745494682,
0.856708,0.0694957318852567,
0.856812,0.0694960174549261,
0.856864,0.06949515173235499,
0.856968,0.06949515162540533,
0.856916,0.06949515162540772,
0.857124,0.06949515162540533,
0.85702,0.06949535829712028,
0.857072,0.06949515173236165,
0.8571759999999999,0.06949515162540533,
0.8572799999999999,0.06949515162540365,
0.857332,0.0694951516254072,
0.857228,0.06949515162540772,
0.857436,0.06949515162540365,
0.857488,0.06949774911396389,
0.857384,0.06949515162540662,
0.857644,0.0694960174549261,
0.85754,0.069497749113971,
0.857696,0.06949515162540898,
0.857592,0.0694951516254072,
0.8578,0.0694960174549261,
0.857748,0.0694951516254072,
0.857852,0.0694951516254072,
0.858008,0.0694951516254072,
0.8579559999999999,0.0694951516254072,
0.8580599999999999,0.06949515162540726,
0.857904,0.0694960174549261,
0.858112,0.06949774911396389,
0.858164,0.0694951516254072,
0.858216,0.06949515162540533,
0.85832,0.06949601745493794,
0.858424,0.0694951516254072,
0.858268,0.06949774911396389,
0.858372,0.06949601745492619,
0.858476,0.0694951516254072,
0.858528,0.06949515173235854,
0.8587359999999999,0.0694951516254072,
0.858684,0.06949601745492906,
0.858632,0.06949515173236165,
0.85858,0.0694960174549261,
0.858788,0.06949515173235454,
0.8589439999999999,0.0694960174549261,
0.858892,0.0694951516254072,
0.859048,0.0694951516254072,
0.8588399999999999,0.06949515162540365,
0.858996,0.06949515162540365,
0.859256,0.06949774911396389,
0.8591,0.06949515162540533,
0.859308,0.06949515162540533,
0.859204,0.06949515162540533,
0.859152,0.06949774911396389,
0.85936,0.06949515173235854,
0.859464,0.0694951516254072,
0.859412,0.0694951516254072,
0.859516,0.0694951516254072,
0.8596199999999999,0.0694951516254072,
0.859568,0.0694951516254072,
0.859672,0.0694951516254072,
0.8597239999999999,0.0694951516254072,
0.859828,0.0694951516254072,
0.85988,0.0694951516254072,
0.859932,0.0694951516254072,
0.859984,0.0694951516254072,
0.859776,0.0694951516254072,
0.860036,0.0694951516254072,
0.86014,0.0694951516254072,
0.860192,0.0694951516254072,
0.860296,0.0694951516254072,
0.860088,0.0694951516254072,
0.860244,0.0694951516254072,
0.860348,0.0694951516254072,
0.8605039999999999,0.0694951516254072,
0.860556,0.0694951516254072,
0.8603999999999999,0.0694951516254072,
0.860608,0.0694951516254072,
0.860452,0.0694951516254072,
0.860712,0.0694951516254072,
0.86066,0.0694951516254072,
0.860764,0.0694951516254072,
0.860816,0.0694951516254072,
0.860868,0.0694951516254072,
0.86092,0.0694951516254072,
0.861024,0.0694951516254072,
0.861076,0.0694951516254072,
0.861128,0.0694951516254072,
0.861232,0.0694951516254072,
0.86118,0.0694951516254072,
0.860972,0.0694951516254072,
0.8612839999999999,0.0694951516254072,
0.861388,0.0694951516254072,
0.86144,0.0694951516254072,
0.861544,0.0694951516254072,
0.861336,0.0694951516254072,
0.861492,0.06949515162540898,
0.861752,0.0694951516254072,
0.861804,0.0694951516254072,
0.861596,0.06949515162540898,
0.8617,0.0694951516254072,
0.861648,0.0694951516254072,
0.861856,0.0694951516254072,
0.861908,0.0694951516254072,
0.86196,0.0694951516254072,
0.862012,0.06949515173235676,
0.8620639999999999,0.06949515162540898,
0.862116,0.06949515173235676,
0.8621679999999999,0.0694951516254072,
0.86222,0.0694951516254072,
0.862272,0.0694951516254072,
0.862324,0.0694951516254072,
0.862376,0.0694951516254072,
0.862428,0.0694951516254072,
0.86248,0.0694951516254072,
0.862584,0.0694951516254072,
0.862636,0.0694951516254072,
0.862688,0.0694951516254072,
0.862792,0.0694951516254072,
0.86274,0.0694951516254072,
0.862532,0.0694951516254072,
0.863104,0.0694951516254072,
0.8628439999999999,0.0694951516254072,
0.862896,0.0694951516254072,
0.8629479999999999,0.06949515162540898,
0.863052,0.0694951516254072,
0.863,0.0694951516254072,
0.863156,0.0694951516254072,
0.863208,0.0694951516254072,
0.86326,0.0694951516254072,
0.863312,0.0694951516254072,
0.863364,0.0694951516254072,
0.863416,0.0694951516254072,
0.863468,0.0694951516254072,
0.86352,0.0694951516254072,
0.863572,0.0694951516254072,
0.863624,0.06949515162540898,
0.8637279999999999,0.0694951516254072,
0.863676,0.0694951516254072,
0.8638319999999999,0.0694951516254072,
0.863884,0.0694951516254072,
0.863936,0.0694951516254072,
0.863988,0.0694951516254072,
0.86404,0.06949515162540726,
0.86378,0.06949515162540898,
0.864352,0.0694951516254072,
0.864144,0.0694951516254072,
0.864092,0.0694951516254072,
0.864196,0.0694951516254072,
0.864248,0.0694951516254072,
0.8643,0.0694951516254072,
0.864404,0.0694951516254072,
0.864456,0.0694951516254072,
0.8645079999999999,0.06949515162540765,
0.86456,0.0694951516254072,
0.8646119999999999,0.0694951516254072,
0.864664,0.0694951516254072,
0.864716,0.0694951516254072,
0.864768,0.0694951516254072,
0.86482,0.0694951516254072,
0.864872,0.0694951516254072,
0.864924,0.0694951516254072,
0.864976,0.0694951516254072,
0.86508,0.0694951516254072,
0.865132,0.0694951516254072,
0.865184,0.0694951516254072,
0.865236,0.0694951516254072,
0.865288,0.0694951516254072,
0.865028,0.0694951516254072,
0.86534,0.0694951516254072,
0.865444,0.0694951516254072,
0.865548,0.0694951516254072,
0.8656,0.0694951516254072,
0.8653919999999999,0.06949515173235676,
0.865496,0.0694951516254072,
0.865808,0.0694951516254072,
0.865652,0.0694951516254072,
0.86586,0.06949515162540533,
0.865704,0.0694951516254072,
0.865912,0.0694951516254072,
0.865756,0.0694951516254072,
0.866016,0.0694951516254072,
0.866068,0.0694951516254072,
0.865964,0.0694951516254066,
0.86612,0.0694951516254072,
0.8661719999999999,0.0694951516254072,
0.866224,0.0694951516254072,
0.866328,0.0694951516254072,
0.866276,0.0694951516254072,
0.866432,0.06949515162540898,
0.866484,0.06949515162540898,
0.866536,0.06949515162540898,
0.86638,0.0694951516254072,
0.86664,0.0694951516254072,
0.866692,0.06949515162540898,
0.866796,0.0694951516254072,
0.866588,0.0694951516254072,
0.866848,0.06949515162540898,
0.866744,0.0694951516254072,
0.867056,0.0694951516254072,
0.8669,0.0694951516254072,
0.867108,0.0694951516254072,
0.866952,0.0694951516254072,
0.86716,0.0694951516254072,
0.867004,0.0694951516254066,
0.867212,0.0694951516254072,
0.867316,0.0694951516254072,
0.867264,0.0694951516254072,
0.867368,0.0694951516254072,
0.86742,0.0694951516254072,
0.867472,0.0694951516254072,
0.867524,0.06949515162540898,
0.86768,0.0694951516254072,
0.867628,0.0694951516254071,
0.867732,0.0694951516254072,
0.867784,0.0694951516254072,
0.867576,0.06949515162540898,
0.867888,0.0694951516254072,
0.86794,0.0694951516254072,
0.868044,0.06949515162540898,
0.8678359999999999,0.06949515162540898,
0.868096,0.0694951516254072,
0.867992,0.0694951516254072,
0.868304,0.06949601745492906,
0.868356,0.06949515162540652,
0.868148,0.06949515162540898,
0.8682,0.06949515162540898,
0.868408,0.0694951516254072,
0.868252,0.0694951516254072,
0.86846,0.06949601745492906,
0.868512,0.0694951516254072,
0.868564,0.0694951516254072,
0.868668,0.0694951516254072,
0.8686159999999999,0.06949515162540652,
0.8687199999999999,0.06949515162540898,
0.868772,0.0694951516254072,
0.868876,0.0694951516254072,
0.868928,0.0694951516254072,
0.86898,0.0694951516254072,
0.869032,0.06949515162540898,
0.868824,0.0694951516254072,
0.869136,0.06949515162540898,
0.86924,0.06949515162540898,
0.869292,0.0694951516254072,
0.869084,0.06949515162540898,
0.869344,0.0694951516254072,
0.869188,0.0694951516254072,
0.869552,0.0694951516254072,
0.869604,0.0694951516254072,
0.869656,0.0694951516254072,
0.869396,0.06949515162540898,
0.869448,0.06949515162540898,
0.8694999999999999,0.0694951516254072,
0.86976,0.0694951516254072,
0.869708,0.06949515162540898,
0.869812,0.0694951516254072,
0.869864,0.0694951516254072,
0.869916,0.0694951516254072,
0.869968,0.06949515162540895,
0.870072,0.0694951516254072,
0.870124,0.0694951516254072,
0.870176,0.0694951516254072,
0.870228,0.0694951516254072,
0.8702799999999999,0.06949515162540898,
0.87002,0.0694951516254072,
0.870436,0.06949515162540898,
0.870488,0.0694951516254072,
0.87054,0.0694951516254072,
0.870332,0.0694951516254072,
0.870592,0.0694951516254072,
0.870384,0.0694951516254072,
0.8708,0.0694951516254072,
0.870852,0.0694951516254072,
0.870904,0.0694951516254072,
0.870644,0.0694951516254072,
0.870696,0.0694951516254072,
0.870748,0.06949515162540898,
0.870956,0.06949515162540561,
0.871008,-0.8364187795859692,
0.87106,-0.8364187795859692,
0.871112,-0.8364187795859687,
0.871216,-0.8364187795859728,
0.871164,-0.8364187795859687,
0.871268,-0.8364181956981783,
0.871372,-0.8364187795859687,
0.871424,-0.8364187795859692,
0.871476,-0.8364181956981719,
0.871528,-0.836418195698179,
0.87132,-0.8364187795859692,
0.871736,-0.8364187795859688,
0.871684,-0.8364187795859687,
0.871788,-0.8364187795859687,
0.87158,-0.8364187795859692,
0.87184,-0.8364187795859733,
0.871632,-0.8364181956981783,
0.872048,-0.8364187795859687,
0.8721,-0.8364187795859687,
0.872152,-0.8364181956981783,
0.871892,-0.8364187795859687,
0.871944,-0.8364181956981783,
0.871996,-0.8364187795859687,
0.872204,-0.8364187795859692,
0.872256,-0.8364187795859687,
0.872308,-0.8364180789573362,
0.87236,-0.8364187795859692,
0.872412,-0.8364181956981803,
0.872464,-0.8364187795859687,
0.872516,-0.8364181956981782,
0.87262,-0.8364187795859745,
0.872672,-0.8364187795859688,
0.8727239999999999,-0.8364187795859692,
0.872568,-0.8364187795859687,
0.872776,-0.8364187795859692,
0.872932,-9.486379882991372,
0.872984,-9.486379882991374,
0.873036,-9.486379882991386,
0.873088,-9.486379882991386,
0.872828,-0.8364187795859814,
0.87288,-0.8364187795859758,
0.873244,-9.486379882991372,
0.873348,-9.486379882991386,
0.87314,-9.486379882991379,
0.8734,-9.486379882991386,
0.873192,-9.486379882991386,
0.873296,-9.486379882991386,
0.873452,-9.486379882991386,
0.873504,-9.486379882991386,
0.873556,-9.486379882991386,
0.873608,-9.486379882991386,
0.87366,-9.486379882991386,
0.873712,-9.486379882991372,
0.873816,-9.486379882991386,
0.873868,-9.486379882991379,
0.87392,-9.486379882991386,
0.873764,-9.486379882991386,
0.873972,-9.486379882991372,
0.874024,-9.486379882991386,
0.874128,-9.486379882991386,
0.874232,-9.486379882991386,
0.874284,-9.486379882991386,
0.874336,-9.486379882991386,
0.874076,-9.486379882991386,
0.87418,-9.486379882991386,
0.87444,-9.486379882991386,
0.874596,-9.486379882991386,
0.8743879999999999,-9.486379882991386,
0.874648,-9.486379882991386,
0.874492,-9.486379882991386,
0.874544,-9.486379882991386,
0.8747,-9.486379882991372,
0.874752,-9.486379882991386,
0.874804,-9.486379882991386,
0.874856,-9.486379882991386,
0.874908,-9.486379882991386,
0.875012,-9.486379882991386,
0.87496,-9.486379882991386,
0.875064,-9.486379882991386,
0.875116,-9.486379882991372,
0.875168,-9.486379882991372,
0.87522,-9.486379882991372,
0.875324,-9.486379882991386,
0.875376,-9.486379882991386,
0.875428,-9.486379882991372,
0.87548,-9.486379882991372,
0.875272,-9.486379882991372,
0.875532,-9.486379882991372,
0.875584,-9.486379882991383,
0.875792,-9.486379882991372,
0.875636,-9.486379882991372,
0.875688,-9.486379882991372,
0.87574,-9.486379882991383,
0.875844,-9.486379882991372,
0.875896,-9.48637988299137,
0.875948,-9.486379882991379,
0.876,-9.486379882991372,
0.876002,-9.486379882991372,
0.876004,-9.486379882991372,
0.876006,-9.486379882991386,
0.876008,-9.486379882991372,
0.87601,-9.486379882991386,
0.876012,-9.486379882991372,
0.876014,-9.486379882991386,
0.876016,-9.486379882991372,
0.876018,-9.486379882991386,
0.87602,-9.486379882991386,
0.876024,-9.486379882991372,
0.876028,-9.48637988299137,
0.876026,-9.486379882991372,
0.876022,-9.486379882991388,
0.87603,-9.486379882991386,
0.876032,-9.48637988299137,
0.87604,-9.486379882991372,
0.876034,-9.48637988299137,
0.876036,-9.486379882991386,
0.876038,-9.486379882991386,
0.876042,-9.486379882991386,
0.876044,-9.486379882991372,
0.876046,-9.486379882991372,
0.876048,-9.486379882991386,
0.87605,-9.486379882991379,
0.876052,-9.486379882991372,
0.876054,-9.486379882991372,
0.876056,-9.486379882991372,
0.876058,-9.486379882991386,
0.87606,-9.486379882991372,
0.876062,-9.486379882991372,
0.876064,-9.486379882991384,
0.876066,-9.486379882991386,
0.876072,-9.486379882991379,
0.876068,-9.486379882991386,
0.876074,-9.486379882991386,
0.876076,-9.486379882991372,
0.87607,-9.486379882991383,
0.876078,-9.486379882991386,
0.876082,-9.486379882991372,
0.876086,-9.486379882991372,
0.87608,-9.486379882991386,
0.876088,-9.486379882991372,
0.87609,-9.486379882991372,
0.876092,-9.486379882991372,
0.876084,-9.486379882991372,
0.876098,-9.486379882991372,
0.876096,-9.48637988299137,
0.876104,-9.486379882991386,
0.876094,-9.486379882991372,
0.8761,-9.486379882991386,
0.876106,-9.486379882991365,
0.876108,-9.486379882991386,
0.876102,-9.486379882991383,
0.87611,-9.486379882991372,
0.876112,-9.486379882991365,
0.876114,-9.486379882991372,
0.876118,-9.486379882991372,
0.87612,-9.486379882991372,
0.876122,-9.486379882991372,
0.876124,-9.486379882991386,
0.876116,-9.486379882991386,
0.876126,-9.486379882991379,
0.87613,-9.486379882991372,
0.876134,-9.486379882991386,
0.876136,-9.486379882991372,
0.876128,-9.486379882991372,
0.876138,-9.486379882991383,
0.87614,-9.486379882991372,
0.876132,-9.486379882991372,
0.876144,-9.486379882991372,
0.876146,-9.486379882991372,
0.876142,-9.486379882991372,
0.876152,-9.486379882991372,
0.876148,-9.486379882991386,
0.876154,-9.486379882991372,
0.876156,-9.486379882991388,
0.87615,-9.486379882991386,
0.876158,-9.48637988299137,
0.87616,-9.486379882991372,
0.876162,-9.486379882991386,
0.876166,-9.486379882991372,
0.876168,-9.486379882991372,
0.87617,-9.486379882991379,
0.876172,-9.486379882991386,
0.876164,-9.486379882991372,
0.876174,-9.486379882991386,
0.876178,-9.486379882991372,
0.87618,-9.486379882991372,
0.876184,-9.486379882991386,
0.876176,-9.48637988299137,
0.876186,-9.486379882991372,
0.876188,-9.486379882991386,
0.876182,-9.486379882991372,
0.876192,-9.486379882991372,
0.876194,-9.486379882991372,
0.87619,-9.48637988299137,
0.8762,-9.486379882991372,
0.876202,-9.486379882991372,
0.876198,-9.48637988299137,
0.876196,-9.486379882991383,
0.876204,-9.486379882991372,
0.876208,-9.486379882991372,
0.876206,-9.486379882991372,
0.876212,-9.486379882991377,
0.876214,-9.486379882991372,
0.876216,-9.486379882991372,
0.876218,-9.486379882991386,
0.87621,-9.486379882991388,
0.87622,-9.486379882991379,
0.8762220000000001,-9.486379882991386,
0.876224,-9.486379882991388,
0.87623,-9.486379882991386,
0.876232,-9.486379882991386,
0.876226,-9.486379882991372,
0.876236,-9.486379882991372,
0.876234,-9.486379882991372,
0.876228,-9.486379882991372,
0.876238,-9.486379882991372,
0.876242,-9.486379882991386,
0.876248,-9.486379882991386,
0.87624,-9.486379882991388,
0.87625,-9.486379882991372,
0.876246,-9.486379882991386,
0.876252,-9.486379882991386,
0.876244,-9.486379882991372,
0.876254,-9.486379882991386,
0.876256,-9.486379882991372,
0.876262,-9.48637988299137,
0.87626,-9.486379882991386,
0.876264,-9.486379882991386,
0.876258,-9.48637988299137,
0.876266,-9.486379882991372,
0.876268,-9.486379882991372,
0.876272,-9.486379882991386,
0.876274,-9.486379882991372,
0.876276,-9.486379882991386,
0.87628,-9.486379882991372,
0.87627,-9.486379882991384,
0.876282,-9.486379882991386,
0.876284,-9.486379882991372,
0.876278,-9.486379882991386,
0.876286,-9.486379882991372,
0.87629,-9.486379882991372,
0.876296,-9.486379882991372,
0.876288,-9.486379882991372,
0.876298,-9.486379882991386,
0.876292,-9.486379882991386,
0.8763,-9.486379882991386,
0.876294,-9.486379882991372,
0.876302,-9.486379882991372,
0.876304,-9.486379882991372,
0.876308,-9.48637988299139,
0.87631,-9.486379882991372,
0.876312,-9.48637988299137,
0.876314,-9.486379882991372,
0.876306,-9.486379882991372,
0.876316,-9.486379882991372,
0.876318,-9.486379882991372,
0.876322,-9.486379882991372,
0.876326,-9.486379882991372,
0.876328,-9.486379882991386,
0.87632,-9.486379882991372,
0.876332,-9.48637988299137,
0.87633,-9.486379882991386,
0.876324,-9.486379882991383,
0.876334,-9.486379882991372,
0.876338,-9.486379882991386,
0.876344,-9.486379882991372,
0.876336,-9.486379882991386,
0.876346,-9.486379882991372,
0.876348,-9.486379882991386,
0.87634,-9.48637988299139,
0.876342,-9.486379882991372,
0.87635,-9.486379882991386,
0.876352,-9.486379882991372,
0.876356,-9.486379882991386,
0.876358,-9.486379882991372,
0.87636,-9.486379882991383,
0.876362,-9.486379882991379,
0.876354,-9.486379882991386,
0.876364,-9.486379882991386,
0.876368,-9.486379882991372,
0.87637,-9.486379882991386,
0.876374,-9.486379882991386,
0.876376,-9.486379882991383,
0.876366,-9.486379882991372,
0.876378,-9.486379882991372,
0.87638,-9.486379882991388,
0.876372,-9.486379882991386,
0.876382,-9.486379882991372,
0.876386,-9.486379882991386,
0.876392,-9.486379882991372,
0.876384,-9.486379882991372,
0.876394,-9.486379882991372,
0.876396,-9.486379882991386,
0.8763880000000001,-9.486379882991372,
0.87639,-9.486379882991372,
0.876398,-9.486379882991372,
0.8764,-9.486379882991372,
0.876404,-9.486379882991372,
0.876406,-9.486379882991386,
0.876408,-9.486379882991386,
0.87641,-9.486379882991388,
0.876402,-9.48637988299139,
0.876412,-9.486379882991372,
0.876416,-9.486379882991372,
0.876418,-9.486379882991372,
0.876414,-9.486379882991372,
0.876422,-9.486379882991372,
0.876424,-9.486379882991372,
0.876426,-9.486379882991386,
0.876428,-9.486379882991388,
0.87642,-9.486379882991372,
0.87643,-9.486379882991372,
0.876432,-9.486379882991372,
0.87644,-9.486379882991372,
0.876434,-9.486379882991377,
0.876442,-9.486379882991372,
0.876444,-9.486379882991372,
0.876436,-9.486379882991372,
0.876438,-9.486379882991372,
0.876446,-9.486379882991372,
0.876448,-9.486379882991379,
0.87645,-9.486379882991386,
0.876452,-9.486379882991379,
0.876454,-9.486379882991372,
0.876456,-9.486379882991379,
0.876458,-9.486379882991386,
0.87646,-9.486379882991372,
0.876462,-9.486379882991372,
0.876466,-9.486379882991383,
0.876468,-9.486379882991372,
0.87647,-9.486379882991372,
0.876464,-9.486379882991372,
0.876472,-9.486379882991372,
0.876476,-9.486379882991386,
0.876478,-9.486379882991372,
0.876474,-9.48637988299139,
0.876482,-9.486379882991372,
0.87648,-9.48637988299137,
0.876484,-9.486379882991383,
0.87649,-9.486379882991374,
0.876492,-9.486379882991386,
0.876486,-9.486379882991372,
0.876488,-9.486379882991372,
0.876494,-9.486379882991372,
0.876498,-9.486379882991372,
0.876496,-9.486379882991372,
0.8765000000000001,-9.486379882991372,
0.876502,-9.486379882991372,
0.876504,-9.486379882991372,
0.876506,-9.486379882991386,
0.876508,-9.486379882991372,
0.87651,-9.486379882991372,
0.876514,-9.486379882991372,
0.876516,-9.486379882991386,
0.876512,-9.486379882991372,
0.876518,-9.486379882991372,
0.876522,-9.486379882991386,
0.876524,-9.486379882991372,
0.876526,-9.486379882991372,
0.87652,-9.486379882991372,
0.876528,-9.486379882991372,
0.87653,-9.486379882991372,
0.876538,-9.486379882991386,
0.876532,-9.486379882991372,
0.87654,-9.486379882991374,
0.876536,-9.48637988299137,
0.876534,-9.48637988299137,
0.876542,-9.486379882991379,
0.876544,-9.486379882991372,
0.876546,-9.486379882991372,
0.876548,-9.486379882991372,
0.87655,-9.486379882991386,
0.876552,-9.486379882991372,
0.876554,-9.486379882991372,
0.876558,-9.486379882991386,
0.876556,-9.486379882991372,
0.876562,-9.486379882991372,
0.876564,-9.486379882991372,
0.87656,-9.486379882991372,
0.876566,-9.486379882991386,
0.876568,-9.486379882991372,
0.876572,-9.486379882991388,
0.876574,-9.486379882991372,
0.87657,-9.486379882991372,
0.87658,-9.486379882991372,
0.876576,-9.486379882991372,
0.876582,-9.48637988299139,
0.876584,-9.486379882991372,
0.876578,-9.486379882991372,
0.876586,-9.486379882991372,
0.87659,-9.486379882991372,
0.876596,-9.486379882991372,
0.876588,-9.486379882991365,
0.876598,-9.486379882991386,
0.8766,-9.486379882991372,
0.876592,-9.486379882991372,
0.876594,-9.48637988299137,
0.876602,-9.486379882991372,
0.876604,-9.486379882991383,
0.876606,-9.486379882991372,
0.876612,-9.486379882991372,
0.87661,-9.486379882991372,
0.876608,-9.486379882991372,
0.876614,-9.486379882991372,
0.876616,-9.486379882991372,
0.87662,-9.486379882991372,
0.876622,-9.486379882991372,
0.876618,-9.486379882991372,
0.876624,-9.486379882991386,
0.876628,-9.486379882991372,
0.87663,-9.486379882991386,
0.876632,-9.486379882991386,
0.876626,-9.486379882991383,
0.876634,-9.486379882991372,
0.876636,-9.486379882991372,
0.876644,-9.486379882991372,
0.876646,-9.486379882991372,
0.876638,-9.486379882991372,
0.876648,-9.486379882991379,
0.87664,-9.486379882991372,
0.876642,-9.486379882991386,
0.876652,-9.486379882991372,
0.87665,-9.486379882991386,
0.876654,-9.486379882991372,
0.876658,-9.486379882991372,
0.87666,-9.486379882991372,
0.876656,-9.486379882991372,
0.876664,-9.486379882991372,
0.8766660000000001,-9.486379882991372,
0.876668,-9.486379882991372,
0.87667,-9.486379882991377,
0.876662,-9.486379882991372,
0.876672,-9.486379882991372,
0.876676,-9.486379882991372,
0.876678,-9.486379882991386,
0.87668,-9.486379882991372,
0.876682,-9.486379882991363,
0.876674,-9.486379882991372,
0.876684,-9.486379882991383,
0.876686,-9.486379882991372,
0.876692,-9.486379882991372,
0.876694,-9.486379882991379,
0.876688,-9.486379882991372,
0.876696,-9.486379882991372,
0.87669,-9.486379882991383,
0.876698,-9.486379882991377,
0.8767,-9.486379882991383,
0.876704,-9.486379882991372,
0.876702,-9.486379882991383,
0.876708,-9.486379882991379,
0.87671,-9.486379882991386,
0.876706,-9.486379882991372,
0.876714,-9.486379882991372,
0.876716,-9.486379882991372,
0.876718,-9.486379882991377,
0.876712,-9.486379882991386,
0.87672,-9.486379882991372,
0.876722,-9.486379882991372,
0.876724,-9.486379882991374,
0.876728,-9.486379882991383,
0.87673,-9.486379882991372,
0.876726,-9.486379882991374,
0.876734,-9.486379882991386,
0.87674,-9.486379882991383,
0.876732,-9.486379882991383,
0.876736,-9.486379882991383,
0.876744,-9.48637988299137,
0.876742,-9.486379882991383,
0.876738,-9.486379882991372,
0.876746,-9.486379882991386,
0.876748,-9.486379882991372,
0.87675,-9.486379882991372,
0.876754,-9.486379882991383,
0.876756,-9.486379882991386,
0.876752,-9.486379882991374,
0.87676,-9.486379882991372,
0.876762,-9.48637988299137,
0.876764,-9.486379882991383,
0.876766,-9.486379882991379,
0.876758,-9.486379882991372,
0.876768,-9.486379882991374,
0.87677,-9.486379882991372,
0.876772,-9.486379882991374,
0.876776,-9.486379882991383,
0.876778,-9.486379882991372,
0.87678,-9.486379882991383,
0.876774,-9.486379882991374,
0.876788,-9.486379882991372,
0.876782,-9.486379882991372,
0.876784,-9.486379882991383,
0.87679,-9.486379882991383,
0.876792,-9.48637988299137,
0.876786,-9.486379882991372,
0.876794,-9.486379882991372,
0.876796,-9.486379882991372,
0.876798,-9.48637988299137,
0.876802,-9.486379882991374,
0.876804,-9.486379882991372,
0.8768,-9.486379882991372,
0.876808,-9.486379882991375,
0.87681,-9.486379882991383,
0.876812,-9.486379882991374,
0.876806,-9.486379882991374,
0.876814,-9.486379882991372,
0.876816,-9.486379882991374,
0.876818,-9.486379882991386,
0.87682,-9.48637988299137,
0.876824,-9.486379882991386,
0.876826,-9.486379882991386,
0.876828,-9.486379882991383,
0.876822,-9.486379882991372,
0.876834,-9.486379882991363,
0.87683,-9.486379882991383,
0.8768320000000001,-9.486379882991372,
0.876838,-9.486379882991383,
0.87684,-9.486379882991372,
0.876836,-9.486379882991372,
0.876842,-9.486379882991386,
0.876844,-9.486379882991386,
0.876846,-9.486379882991383,
0.87685,-9.486379882991374,
0.876852,-9.486379882991372,
0.876848,-9.486379882991383,
0.876856,-9.486379882991372,
0.876858,-9.486379882991383,
0.87686,-9.486379882991379,
0.876854,-9.486379882991372,
0.876862,-9.486379882991374,
0.876864,-9.486379882991383,
0.876866,-9.486379882991372,
0.876868,-9.486379882991386,
0.876872,-9.486379882991372,
0.876874,-9.486379882991372,
0.876876,-9.48637988299137,
0.87687,-9.486379882991367,
0.876882,-9.486379882991372,
0.876878,-9.486379882991383,
0.87688,-9.486379882991372,
0.876886,-9.486379882991372,
0.876888,-9.486379882991363,
0.876884,-9.486379882991372,
0.87689,-9.486379882991386,
0.876892,-9.486379882991383,
0.876894,-9.486379882991383,
0.876898,-9.486379882991383,
0.8769,-9.486379882991374,
0.876896,-9.48637988299137,
0.876904,-9.486379882991374,
0.876906,-9.486379882991383,
0.876908,-9.486379882991363,
0.87691,-9.486379882991363,
0.876902,-9.486379882991372,
0.876912,-9.486379882991374,
0.876914,-9.486379882991372,
0.876916,-9.486379882991383,
0.87692,-9.486379882991372,
0.876922,-9.486379882991374,
0.876924,-9.486379882991372,
0.876918,-9.486379882991372,
0.876932,-9.486379882991386,
0.876926,-9.486379882991372,
0.876928,-9.486379882991372,
0.876934,-9.486379882991363,
0.876936,-9.486379882991372,
0.87693,-9.486379882991372,
0.876938,-9.486379882991383,
0.87694,-9.486379882991383,
0.8769440000000001,-9.486379882991372,
0.876946,-9.486379882991372,
0.876942,-9.486379882991386,
0.876948,-9.486379882991372,
0.87695,-9.486379882991386,
0.876952,-9.486379882991374,
0.876956,-9.486379882991374,
0.876958,-9.486379882991383,
0.87696,-9.486379882991372,
0.876954,-9.486379882991388,
0.876964,-9.486379882991386,
0.876966,-9.486379882991386,
0.876968,-9.486379882991386,
0.87697,-9.486379882991386,
0.876962,-9.486379882991374,
0.876972,-9.486379882991386,
0.876982,-9.486379882991379,
0.876984,-9.486379882991383,
0.876974,-9.486379882991383,
0.876976,-9.486379882991388,
0.876978,-9.486379882991386,
0.87698,-9.486379882991372,
0.876986,-9.486379882991386,
0.876998,,
0.876988,-9.486379882991383,
0.876992,-9.486379882991383,
0.87699,-9.486379882991383,
0.877,,
0.876994,-9.486379882991372,
0.877004,,
0.877006,,
0.877008,,
0.87701,,
0.876996,-20.613974143742023,
0.877012,,
0.877014,,
0.877018,,
0.87702,,
0.877022,,
0.877024,,
0.877026,,
0.877028,,
0.87703,,
0.877032,,
0.877002,,
0.877034,,
0.877036,,
0.877038,,
0.87704,,
0.877042,,
0.877044,,
0.877046,,
0.877016,,
0.877048,,
0.87705,,
0.877052,,
0.877054,,
0.877056,,
0.877058,,
0.877062,,
0.877064,,
0.877066,,
0.877068,,
0.87707,,
0.877072,,
0.877074,,
0.877076,,
0.877078,,
0.87708,,
0.877084,,
0.877088,,
0.87709,,
0.877092,,
0.87706,,
0.877096,,
0.877098,,
0.8771,,
0.877102,,
0.877104,,
0.877106,,
0.877108,,
0.8771100000000001,,
0.877082,,
0.877112,,
0.877086,,
0.877114,,
0.877116,,
0.877118,,
0.87712,,
0.877124,,
0.877122,,
0.877094,,
0.877126,,
0.877128,,
0.87713,,
0.877132,,
0.877134,,
0.877136,,
0.877138,,
0.87714,,
0.877142,,
0.877144,,
0.877146,,
0.877148,,
0.877152,,
0.877154,,
0.877156,,
0.877158,,
0.87716,,
0.877162,,
0.877164,,
0.877168,,
0.87717,,
0.877172,,
0.877174,,
0.877176,,
0.877178,,
0.87718,,
0.877182,,
0.877184,,
0.87715,,
0.877186,,
0.877188,,
0.87719,,
0.877192,,
0.877194,,
0.877196,,
0.877198,,
0.877166,,
0.8772,,
0.877202,,
0.877204,,
0.877206,,
0.877208,,
0.87721,,
0.877214,,
0.877216,,
0.877218,,
0.87722,,
0.8772220000000001,,
0.877224,,
0.877226,,
0.877228,,
0.877232,,
0.877236,,
0.877238,,
0.87724,,
0.877242,,
0.877212,,
0.877246,,
0.877248,,
0.87725,,
0.877252,,
0.877254,,
0.877256,,
0.87723,,
0.877258,,
0.877234,,
0.87726,,
0.877262,,
0.877266,,
0.877264,,
0.877268,,
0.87727,,
0.877244,,
0.877272,,
0.877274,,
0.8772760000000001,,
0.877278,,
0.87728,,
0.877282,,
0.877284,,
0.877286,,
0.877288,,
0.87729,,
0.877294,,
0.877296,,
0.877298,,
0.8773,,
0.877302,,
0.877304,,
0.877306,,
0.87731,,
0.877312,,
0.877314,,
0.877316,,
0.877318,,
0.87732,,
0.877322,,
0.877324,,
0.877326,,
0.877292,,
0.877328,,
0.87733,,
0.877332,,
0.877334,,
0.877336,,
0.877338,,
0.87734,,
0.877308,,
0.877342,,
0.877344,,
0.877346,,
0.877348,,
0.87735,,
0.877352,,
0.877356,,
0.877358,,
0.87736,,
0.877362,,
0.877364,,
0.877366,,
0.877368,,
0.87737,,
0.877372,,
0.877374,,
0.877376,,
0.877378,,
0.87738,,
0.877382,,
0.877384,,
0.8773880000000001,,
0.877392,,
0.877394,,
0.877354,,
0.877396,,
0.8774,,
0.877402,,
0.877404,,
0.877406,,
0.877408,,
0.87741,,
0.877412,,
0.877414,,
0.877416,,
0.87739,,
0.877386,,
0.877418,,
0.87742,,
0.877422,,
0.877424,,
0.877398,,
0.877426,,
0.877428,,
0.87743,,
0.877434,,
0.877436,,
0.877438,,
0.87744,,
0.877442,,
0.877444,,
0.877446,,
0.877448,,
0.877452,,
0.877454,,
0.877456,,
0.877458,,
0.87746,,
0.877462,,
0.877464,,
0.877466,,
0.877468,,
0.877432,,
0.87747,,
0.877472,,
0.877476,,
0.877474,,
0.877478,,
0.87748,,
0.877482,,
0.877484,,
0.87745,,
0.877486,,
0.87749,,
0.877488,,
0.877492,,
0.877496,,
0.877498,,
0.8775,,
0.877502,,
0.877504,,
0.877506,,
0.877508,,
0.87751,,
0.877512,,
0.877514,,
0.877516,,
0.877518,,
0.87752,,
0.877522,,
0.877524,,
0.877526,,
0.877528,,
0.877532,,
0.877534,,
0.877494,,
0.877536,,
0.87754,,
0.877544,,
0.877546,,
0.877548,,
0.87755,,
0.877552,,
0.8775540000000001,,
0.877556,,
0.877558,,
0.87756,,
0.87753,,
0.877562,,
0.877564,,
0.877566,,
0.877538,,
0.877542,,
0.877568,,
0.87757,,
0.877572,,
0.877576,,
0.877578,,
0.87758,,
0.877584,,
0.877582,,
0.877586,,
0.877588,,
0.87759,,
0.877594,,
0.877596,,
0.877598,,
0.8776,,
0.877602,,
0.877604,,
0.877606,,
0.877608,,
0.87761,,
0.877574,,
0.877612,,
0.877614,,
0.877616,,
0.877618,,
0.87762,,
0.877622,,
0.877624,,
0.877626,,
0.877628,,
0.877592,,
0.87763,,
0.877632,,
0.877634,,
0.877636,,
0.87764,,
0.877642,,
0.877644,,
0.877646,,
0.877648,,
0.87765,,
0.877652,,
0.877656,,
0.877654,,
0.877658,,
0.87766,,
0.877662,,
0.877664,,
0.8776660000000001,,
0.877668,,
0.87767,,
0.877672,,
0.877674,,
0.877676,,
0.877638,,
0.87768,,
0.877682,,
0.877688,,
0.87769,,
0.877692,,
0.877694,,
0.877696,,
0.877698,,
0.8777,,
0.877702,,
0.877704,,
0.877678,,
0.877706,,
0.877708,,
0.877684,,
0.87771,,
0.877712,,
0.877714,,
0.877686,,
0.877716,,
0.877718,,
0.8777200000000001,,
0.877722,,
0.877724,,
0.877726,,
0.877728,,
0.87773,,
0.877734,,
0.877736,,
0.877738,,
0.87774,,
0.877742,,
0.877744,,
0.877746,,
0.877748,,
0.877752,,
0.877756,,
0.877754,,
0.877758,,
0.87776,,
0.877762,,
0.877764,,
0.877766,,
0.877732,,
0.877768,,
0.87777,,
0.877772,,
0.877774,,
0.877776,,
0.877778,,
0.87778,,
0.877782,,
0.877784,,
0.877786,,
0.87775,,
0.877788,,
0.877792,,
0.877794,,
0.877796,,
0.877798,,
0.8778,,
0.877802,,
0.877804,,
0.877806,,
0.877808,,
0.87781,,
0.877812,,
0.877814,,
0.877816,,
0.877818,,
0.87782,,
0.877822,,
0.877824,,
0.877826,,
0.877828,,
0.87783,,
0.87779,,
0.877834,,
0.877836,,
0.877838,,
0.877842,,
0.877846,,
0.877848,,
0.87785,,
0.877852,,
0.877854,,
0.877856,,
0.877858,,
0.87786,,
0.877862,,
0.877864,,
0.8778320000000001,,
0.877866,,
0.877868,,
0.87784,,
0.877872,,
0.877844,,
0.877874,,
0.877876,,
0.877878,,
0.87788,,
0.877882,,
0.877884,,
0.877886,,
0.877888,,
0.87789,,
0.877892,,
0.877896,,
0.877898,,
0.8779,,
0.877902,,
0.877904,,
0.877906,,
0.87787,,
0.877908,,
0.87791,,
0.877912,,
0.877914,,
0.877916,,
0.877918,,
0.87792,,
0.877922,,
0.877924,,
0.877926,,
0.877928,,
0.87793,,
0.877894,,
0.877934,,
0.877936,,
0.877938,,
0.87794,,
0.877942,,
0.8779440000000001,,
0.877946,,
0.87795,,
0.877948,,
0.877954,,
0.877952,,
0.877956,,
0.877958,,
0.87796,,
0.877962,,
0.877964,,
0.877966,,
0.877968,,
0.87797,,
0.877932,,
0.877972,,
0.877974,,
0.877976,,
0.877978,,
0.877982,,
0.877986,,
0.877988,,
0.877992,,
0.877994,,
0.877996,,
0.8779980000000001,,
0.87798,,
0.877984,,
0.87799,,
