,kcat,MW,kcat_MW
ACKr,2700000,42.4337,63628.67249
ACKr_reverse,6480000,42.4337,152708.814
ACONTa,330983.274,93.4981,3540
ACONTa_reverse,330983.27,93.4981,3539.999957
ACONTb,330983.27,93.4981,3539.999957
ACONTb_reverse,330983.27,93.4981,3539.999957
AKGDH,270000,199.7616,1351.61112
ENO,414000,45.655,9068.010076
ENO_reverse,61326,45.655,1343.248275
FUM,2070000,50.4889,40999.1107
FUM_reverse,20160,50.4889,399.2956868
GAPD,421200,35.5325,11853.93654
GAPD_reverse,132480,35.5325,3728.417646
GLCptspp,807170.331,141.60883,5700
ICDHyr,191520,45.7567,4185.616533
ICDHyr_reverse,30368.82282,45.7567,663.702208
ICL,76984.992,47.5216,1620
MALS,86580,60.2736,1436.449789
MDH,1862628.48,32.3373,57600
MDH_reverse,1675800,32.3373,51822.50837
METS,29720.39764,84.67349755,351
MOX,20485.90056,60.22962,340.1299985
PDH,11630019.69,216.453,53730.00
PFL,204410.7,113.5615,1800
PGI,756000,61.5298,12286.72936
PGI_reverse,756000,61.5298,12286.72936
PGK,4739400,41.1182,115262.8277
PGK_reverse,592102.08,41.1182,14400
POX,502292.3394,62.01139992,8100
PPC,972000,99.06261,9811.976486
PTAr,547821.7643,36.0667,15189.12915
PTAr_reverse,747000,36.0667,20711.62596
PYK,900000,50.7294,17741.1915
RPE,2340000,24.5542,95299.37852
RPE_reverse,2340000,24.5542,95299.37852
RPI,3780000,16.0733,235172.6155
RPI_reverse,3780000,16.0733,235172.6155
SUCOAS,80514,71.1701,1131.289685
SUCOAS_reverse,361800,71.1701,5083.595499
TPI,16200000,26.9718,600627.3219
TPI_reverse,16200000,26.9718,600627.3219
13PPDH2,9783.379271,42.09700006,232.400866
13PPDH2_reverse,10451.44479,42.09699998,248.270537
23PDE2pp,52628.11949,70.83220003,742.997104
23PDE4pp,48310.69378,70.83219996,682.044237
23PDE7pp,57434.65448,70.83219996,810.855155
23PDE9pp,43543.38935,70.83220005,614.740038
2AGPEAT120,17213.08318,80.70000013,213.297189
2AGPEAT140,33704.87601,80.70000003,417.656456
2AGPEAT141,18684.28389,80.70000014,231.527681
2AGPEAT160,83842.72261,80.69999999,1038.943279
2AGPEAT161,16922.37939,80.69999996,209.694912
2AGPEAT180,22628.36988,80.69999993,280.401114
2AGPEAT181,21320.30109,80.69999997,264.192083
2AGPGAT120,17444.69856,80.70000015,216.167268
2AGPGAT140,26004.84427,80.70000003,322.240945
2AGPGAT141,9645.640135,80.69999994,119.524661
2AGPGAT160,9649.160262,80.69999988,119.568281
2AGPGAT161,9645.635293,80.69999994,119.524601
2AGPGAT180,9737.355798,80.7000002,120.661162
2AGPGAT181,25994.16807,80.70000005,322.10865
2DDARAA,28422.21991,32.52999998,873.72333
2DDARAA_reverse,9688.408474,32.53000002,297.829956
2DGULRGx,17496.28312,35.39549998,494.308122
2DGULRGy,9611.080776,35.3955,271.533974
2DGULRx,20094.4938,35.39549998,567.713235
2DGULRy,19562.41623,35.3955,552.680884
2DOXG6PP,9865.296,23.007,428.79541
2HESR,27159.73869,24.51600001,1107.837277
2HPTCOAT,50248.12219,21.325,2356.301158
2MAHMP,10170.48834,17.4329,583.407714
3AMACHYD,21702.14096,28.89809998,750.988507
3HAD100,9300.031517,17.03299999,546.000794
3HAD120,9300.045229,17.03299999,546.001599
3HAD121,9300.039797,17.03299999,546.00128
3HAD140,9689.000825,17.033,568.837012
3HAD141,9300.023712,17.03300001,546.000335
3HAD160,9300.049708,17.03299999,546.001862
3HAD161,9300.028072,17.03300001,546.000591
3HAD180,9449.861839,17.03300001,554.797266
3HAD181,16748.6226,17.033,983.304327
3HAD40,13622.60957,17.03299999,799.777466
3HAD60,35394.22481,17.033,2077.979499
3HAD80,9300.030919,17.03300001,546.000758
3HBZCT,29600.99634,14.97,1977.354465
3HCINNMH,13931.45469,62.18570013,224.029876
3HPADHi,29369.09112,53.41860004,549.791479
3HPPPNH,16534.68041,62.18570006,265.892004
3KGK,46839.28669,55.1548,849.233189
3NTD2pp,44836.48256,49.43860002,906.912464
3NTD4pp,46917.55912,49.43859999,949.006629
3NTD7pp,55966.42332,49.43860001,1132.039
3NTD9pp,39469.58003,49.43859997,798.355537
3OAR100,9300.038342,25.56029999,363.846995
3OAR100_reverse,21350.28,25.56029999,835.290666
3OAR120,9300.029854,25.56029998,363.846663
3OAR120_reverse,168004.9209,25.5603,6572.88533
3OAR121,9300.02693,25.56030003,363.846548
3OAR140,4680,25.56029993,183.096443
3OAR140_reverse,10447.04323,25.56029998,408.721464
3OAR141,9300.034418,25.56030002,363.846841
3OAR160,9300.030959,25.5603,363.846706
3OAR160_reverse,15760.16442,25.56030001,616.587615
3OAR161,9300.055921,25.56029997,363.847683
3OAR180,9346.605887,25.56029999,365.668865
3OAR180_reverse,11764.09956,25.56030002,460.248884
3OAR181,16993.44901,25.56029999,664.83762
3OAR40,11866.89778,25.56029999,464.270677
3OAR40_reverse,15479.59285,25.56029998,605.610766
3OAR60,14676.62331,25.56029998,574.196051
3OAR60_reverse,16171.49843,25.56030001,632.680306
3OAR80,9300.033619,25.5603,363.84681
3OAR80_reverse,41062.49348,25.5603,1606.494974
3OAS100,9300.069292,42.61329995,218.243349
3OAS120,9300.044909,42.61329991,218.242777
3OAS121,9300.067402,42.61330007,218.243304
3OAS140,15220.88429,42.61330005,357.186237
3OAS141,9300.05716,42.6133,218.243064
3OAS160,9300.048851,42.61330001,218.242869
3OAS161,9300.049776,42.61329995,218.242891
3OAS180,16822.95266,42.61329995,394.781739
3OAS181,13204.15682,43.04579993,306.746694
3OAS60,14210.82631,42.61330005,333.483356
3OAS80,9300.057325,42.61329998,218.243068
3OXCOAT,24123.2729,42.27650003,570.607143
3PEPTabcpp,26082.63514,200.7513,129.925112
3SLAR,32163.07972,31.15810001,1032.254204
42A12BOOXpp,12329.96585,84.37869981,146.126521
4ABZGLUH,9451.478628,98.78199975,95.680171
4ABZGLUH_reverse,31226.50825,98.7819999,316.115368
4HTHRA,168654.009,36.4947,4621.328823
4HTHRA_reverse,16492.0015,36.49470001,451.901276
4HTHRK,25833.20273,33.6236,768.305676
4PCP,27706.1783,33.56750001,825.387005
4PCPpp,37289.77556,21.04,1772.327736
4PEPTabcpp,49599.60815,201.7499996,245.846881
5DGLCNR,10326.6768,27.56270002,374.661292
5DKGR,10950.24371,27.07000001,404.515837
5DKGR_reverse,23521.17739,27.07000001,868.902009
5DOAN,36,24.35399341,1.478197
6D6SFK,24036.90232,31.72799999,757.592736
6D6SPA,39442.55994,31.98300001,1233.235154
A5PISO,55549.16712,34.03139999,1632.291564
A5PISO_reverse,33180.19039,34.0314,974.987523
AACPS1,9300.085484,89.33949969,104.098249
AACPS2,9300.082612,89.33950042,104.098216
AACPS3,20818.49733,89.33949991,233.026795
AACPS4,19801.47101,89.33949984,221.642958
AACPS5,9300.08354,89.33949989,104.098227
AACPS6,16920.24286,89.33949996,189.39263
AACPS7,19220.43512,89.33950019,215.139273
AACPS8,19300.13799,89.33950007,216.031408
AACPS9,9300.081582,89.33949997,104.098205
AADDGT,231887.7737,40.6396,5705.956104
AAMYL,23490.41652,56.63940007,414.736323
AAMYLpp,49598.11858,75.71270004,655.08321
AB6PGH,42497.06141,53.16100002,799.402972
ABTA,33853.97349,44.72909997,756.866861
ABUTD,38704.04507,50.83000001,761.440981
ACACCT,27123.73889,46.48589999,583.48314
ACACT1r,64745.49694,40.35249999,1604.497787
ACACT1r_reverse,49056.7815,40.35250001,1215.706127
ACACT2r,45028.02067,40.87620002,1101.570612
ACACT2r_reverse,48623.593,40.87620001,1189.533102
ACACT3r,35394.18648,40.87619998,865.887399
ACACT3r_reverse,36960.01261,40.87619999,904.193947
ACACT4r,41966.54604,40.87620002,1026.674349
ACACT4r_reverse,34554.87723,40.87619999,845.354442
ACACT5r,48979.49998,40.87620001,1198.240051
ACACT5r_reverse,35501.71811,40.87619998,868.518065
ACACT6r,40632.79266,40.87620001,994.045255
ACACT6r_reverse,29980.30132,40.8762,733.441497
ACACT7r,36389.7463,40.8762,890.242887
ACACT7r_reverse,26653.29045,40.87620001,652.049125
ACACT8r,23737.87625,40.8762,580.726101
ACACT8r_reverse,30393.77583,40.87620002,743.556784
ACALD,347838.2822,33.4425,10401.08491
ACALD_reverse,142688.5307,33.4425,4266.682536
ACANTHAT,14042.58626,32.27460002,435.097143
ACBIPGT,9379.708193,20.16400002,465.171007
ACCOAC,28564.88644,134.5713997,212.265656
ACCOAL,16156.30072,69.351,232.964207
ACGAMK,21792.22839,33.0427,659.517182
ACGAMT,10386.84518,40.95719992,253.602424
ACGK,30240,27.15950001,1113.422559
ACGS,820800,49.1952,16684.55459
ACHBS,67064.87156,71.54629998,937.36324
ACLS,241177.3205,71.5463,3370.926526
ACM6PH,12910.85677,31.21989999,413.545744
ACMAMUT,20034.19254,27.92820002,717.346357
ACNML,22534.19094,32.5935,691.370701
ACOAD1f,434993.0386,89.22439999,4875.269978
ACOAD1fr,42460.6505,43.00200001,987.411062
ACOAD2f,426233.6705,89.2244,4777.097638
ACOAD2f_reverse,1281600,89.2244,14363.7839
ACOAD3f,374885.7826,89.2244,4201.606092
ACOAD3f_reverse,1281600,89.2244,14363.7839
ACOAD4f,185797.065,89.22440001,2082.357124
ACOAD4f_reverse,1281600,89.2244,14363.7839
ACOAD5f,223003.5589,89.22439999,2499.356218
ACOAD5f_reverse,1281600,89.2244,14363.7839
ACOAD6f,208640.9014,89.22439999,2338.383911
ACOAD6f_reverse,1000800,89.2244,11216.66271
ACOAD7f,168849.2482,89.22440002,1892.411136
ACOAD7f_reverse,460800,89.2244,5164.50657
ACOAD8f,76148.30066,89.22439995,853.447047
ACOAD8f_reverse,323145.3704,89.22439999,3621.715253
ACOATA,32149.38905,42.15459998,762.65435
ACOATA_reverse,9801.989935,42.1546,232.5248
ACODA,93600,42.3473,2210.294399
ACONMT,176845.203,29.006,6096.849031
ACOTA,17996.38411,43.66540001,412.142889
ACOTA_reverse,32625.37856,43.66540003,747.167747
ACOXT,16076.64152,41.67100004,385.799273
ACOXT_reverse,10077.21241,41.67099995,241.827948
ACP1_FMN,23467.23572,27.12199999,865.247243
ACP1p,17920.62895,49.43859998,362.482533
ACPPAT120,14929.35902,46.85400004,318.635741
ACPPAT140,9697.481201,46.8539999,206.972323
ACPPAT141,36607.03398,46.85399998,781.300081
ACPPAT160,20129.32772,46.85399999,429.618127
ACPPAT161,40006.80572,46.85399999,853.861052
ACPPAT180,9699.07613,46.85399999,207.006363
ACPPAT181,14737.83642,46.85399993,314.548095
ACPS1,21613.67893,14.0523,1538.088351
ACS,32028.81133,72.09359994,444.267055
ADA,38158.03206,36.39750002,1048.369587
ADCL,5040,18.7769,268.414914
ADCS,9527.577685,71.7414001,132.804457
ADD,96905.20187,63.73939999,1520.334391
ADK1,111600,23.586,4731.620453
ADK1_reverse,16170.04165,23.586,685.577955
ADK3,10020.99778,23.58599999,424.870592
ADK3_reverse,12279.19346,23.58600001,520.613646
ADK4,9420.738358,23.58600002,399.420773
ADK4_reverse,27584.11545,23.58599999,1169.51223
ADMDC,99039.6036,30.3846,3259.532908
ADNCYC,31838.44056,97.58599999,326.26033
ADNK1,28.8,23.58600662,1.221063
ADNUC,45598.68659,32.5608,1400.416654
ADOCBIK,9323.058784,20.16400001,462.361574
ADOCBLS,10035.97058,26.38559998,380.357869
ADPRDP,13031.08768,21.1532,616.033871
ADPT,10116.3237,19.8589,509.410073
ADSK,79200,22.3213,3548.180438
ADSL1r,36000,51.54279999,698.448668
ADSL1r_reverse,16835.37942,51.54280004,326.62912
ADSL2r,54000,51.54279999,1047.673002
ADSL2r_reverse,15978.08037,51.54279995,309.99636
ADSS,11880,47.345,250.924068
AGDC,112916.4612,40.9491,2757.483344
AGM3PA,24213.93207,20.5362,1179.085326
AGM3PApp,23614.90817,31.072,760.006056
AGM3PH,9954.457142,37.59469997,264.783524
AGM3Pt2pp,14196.18975,53.24519999,266.619146
AGM4PA,20099.44301,20.53619999,978.732337
AGM4PApp,24410.50695,31.072,785.611063
AGM4PCP,46441.37344,33.56750001,1383.521961
AGM4PCPpp,34105.01658,21.04,1620.960864
AGM4PH,9954.435204,37.59470004,264.78294
AGM4Pt2pp,37678.09115,53.24519997,707.633574
AGMH,17554.43253,37.59470001,466.939024
AGMHE,38346.39454,34.89319999,1098.964685
AGMT,34948.09724,33.55699999,1041.454756
AGMt2pp,34185.31625,53.24519997,642.035644
AGPAT120,9300.241951,27.45320004,338.767136
AGPAT140,11008.28694,27.45319998,400.983745
AGPAT141,18651.92002,27.45319999,679.407866
AGPAT160,489600,27.4532,17833.98657
AGPAT161,576000,27.4532,20981.16067
AGPAT180,9300.222929,27.45319997,338.766444
AGPAT181,71164.94731,27.4532,2592.227766
AGPR,27140.71295,35.9521,754.913147
AGPR_reverse,86400,35.9521,2403.197588
AHCYSNS,108,24.3539989,4.43459
AHGDx,23135.45055,44.1758,523.713222
AHGDx_reverse,28540.16407,44.1758,646.058794
AI2K,9941.061582,57.54499988,172.75283
AICART,36000,57.32919997,627.952248
AICART_reverse,30129.89223,57.32920003,525.559265
AIRC2,554400,39.4611,14049.27891
AIRC3,11996.22974,17.7803,674.692201
AIRC3_reverse,46800,17.7803,2632.126567
ALAALAD,21385.38081,21.21300001,1008.126187
ALAALAr,17736.16695,32.83970001,540.083099
ALAALAr_reverse,20079.23664,32.83969998,611.431793
ALAGLUE,73466.26981,34.674,2118.77112
ALAGLUE_reverse,22236.80583,34.67400001,641.31066
ALAR,113967.7232,38.8446,2933.939935
ALAR_reverse,104292.6285,38.84460001,2684.868128
ALATA_D2,9300.506998,36.49469998,254.845416
ALATA_L,63159.7104,45.51739999,1387.594863
ALATA_L_reverse,48870.10901,45.51740001,1073.657744
ALATA_L2,22488.04715,36.49470003,616.200356
ALCD19,66988.94494,35.3796,1893.434209
ALCD19_reverse,147353.7592,35.3796,4164.935703
ALCD2x,65388.1289,35.37960001,1848.187342
ALCD2x_reverse,86341.98017,35.3796,2440.445346
ALDD19xr,24043.86239,53.69909998,447.751683
ALDD19xr_reverse,9300.75871,53.69910001,173.201389
ALDD2y,22093.1682,29.40999998,751.212792
ALDD3y,23752.9732,36.50199998,650.730733
ALKP,10071.37347,20.7798,484.671338
ALLK,23208.86213,33.8209,686.228401
ALLPI,19201.33747,16.0733,1194.610781
ALLPI_reverse,10258.17606,16.0733,638.212194
ALLTAMH2,218031.9588,45.694,4771.566481
ALLTN,150250.7634,49.60159999,3029.151548
ALLULPE,28397.97262,26.10919999,1087.661538
ALLULPE_reverse,110777.1111,26.1092,4242.838199
ALPATE160pp,16171.43159,65.38930006,247.310058
ALPATG160pp,27918.59867,65.38930003,426.959742
ALR2,10013.59023,29.4368,340.172513
ALR2x,36956.8215,36.329,1017.281552
ALR4x,45141.94591,38.71219999,1166.090946
ALTRH,69858.52128,54.0931,1291.449765
AM3PA,9367.161455,20.53619998,456.129248
AM4PA,20712.18859,20.53620001,1008.569676
AM4PCP,54473.38639,33.5675,1622.801412
AMALT1,57278.02975,78.50349999,729.623899
AMALT2,43134.18746,78.5035,549.455597
AMALT3,26398.09512,78.50349994,336.266474
AMALT4,32028.92891,78.50350009,407.993642
AMANAPEr,25940.03066,24.0737,1077.525709
AMANAPEr_reverse,586980.0616,24.0737,24382.62758
AMANK,18940.18921,29.64390001,638.923664
AMAOTr,3.6,47.33541083,0.076053
AMAOTr_reverse,32523.36129,47.33560002,687.080364
AMMQLT8,25407.58414,28.0732,905.047666
AMPMS2,25.2,70.85040163,0.355679
AMPN,22311.57137,53.99489994,413.216274
AMPNTAT,23261.95502,16.57,1403.859687
AMPTASECG,81038.05956,46.1802,1754.82262
AMPTASEPG,29612.1696,46.18020001,641.230865
ANHMK,21852.99274,39.49629999,553.29215
ANPRT,18000,56.86990004,316.511898
ANS,17526.9833,114.3644003,153.255587
AOXSr2,3.6,41.59445407,0.08655
AP4AH,77148.74714,31.2967,2465.076099
AP4AS,23738.36358,57.82660004,410.509412
AP5AH,42259.28724,31.29670001,1350.279334
APCS,13709.81887,32.32139996,424.171567
APG3PAT120,9785.075695,22.1934,440.900254
APG3PAT140,38886.36066,22.1934,1752.15878
APG3PAT141,25623.64564,22.1934,1154.56152
APG3PAT160,18407.65507,22.19340001,829.420236
APG3PAT161,9694.949292,22.19339999,436.839299
APG3PAT180,47472.73186,22.1934,2139.047278
APG3PAT181,9481.372614,22.19339998,427.215867
APH120,12612.9599,10.2998,1224.582992
APH140,9504.202723,10.2998,922.756046
APH141,9504.151621,10.2998,922.751085
APH160,19803.85527,10.2998,1922.74173
APH161,10164.79521,10.2998,986.892484
APH180,11053.15404,10.2998,1073.142589
APH181,17581.02807,10.2998,1706.929073
APPLDHr,10147.77107,38.71220004,262.13367
APPLDHr_reverse,20318.82558,38.71220001,524.86879
APRAUR,1152,40.33829967,28.558467
ARABDI,86322.63719,64.97670002,1328.516794
ARABDI_reverse,45079.5164,64.97669999,693.779715
ARAI,46557.9562,56.07399997,830.2949
ARAI_reverse,37923.43532,56.07400001,676.310506
ARGDC,10396.28729,84.42519989,123.141992
ARGDCpp,11541.49804,73.89839976,156.180622
ARGSL,39600,50.31819997,786.991586
ARGSL_reverse,10424.18161,50.31819992,207.165233
ARGSS,10080,49.89840008,202.010485
ARHGDx,18504.6326,44.17580001,418.886191
ARHGDx_reverse,9808.83436,44.17580006,222.040899
ARMEPNS,96018.1492,101.125,949.499621
ASAD,29917.33841,40.01789999,747.59891
ASAD_reverse,22680,40.0179,566.746381
ASCBPL,38846.75555,40.0607,969.697373
ASNN,12284.90508,33.39400001,367.877615
ASNNpp,56027.20568,36.8507,1520.383756
ASNS1,11068.89723,62.65899985,176.652951
ASNS2,68400,36.6506,1866.272312
ASP1DC,252,13.83369972,18.216385
ASPCT,34791.89775,34.42739999,1010.587432
ASPK,631361.1827,48.5317,13009.25339
ASPK_reverse,131867.8614,48.53170001,2717.149026
ASPO3,10440.93368,60.33739991,173.042486
ASPO4,9316.275055,60.33740017,154.402991
ASPO5,9646.312734,60.33739982,159.872861
ASPO6,15120,60.33740004,250.590844
ASPT,20574.12224,52.35610005,392.965141
ASPTA,13921.64902,43.53780001,319.760048
ASPTA_reverse,75600,43.53779999,1736.422144
ASR,16666.55749,40.20350002,414.554889
AST,24033.07158,38.4559,624.951479
ATHRDHr,13509.71589,27.2489,495.789404
ATHRDHr_reverse,28339.93201,27.24890001,1040.039488
ATPPRT,7920,33.36670003,237.3624
ATPS4rpp,6754830.271,227.3487,29711.32129
ATPS4rpp_reverse,394887.4078,227.3487,1736.923975
BETALDHx,18043.37702,52.9111,341.013077
BETALDHy,21034.4954,52.91109996,397.544096
BGLA1,37406.12216,50.51250002,740.53199
BMOCOS,72,44.0672883,1.633865
BMOGDS1,27337.89485,21.64289999,1263.134555
BMOGDS2,10255.58751,21.64290001,473.85459
BPNT,79200,27.1759,2914.346903
BSORx,11186.78545,85.85070021,130.305116
BSORy,52282.98518,85.85069995,608.998939
BTS5,7.2,38.6481728,0.186296
BUTCT,46897.97526,46.48589998,1008.864522
BWCOGDS1,25790.66276,21.64289999,1191.645425
BWCOGDS2,29065.07453,21.6429,1342.938078
BWCOS,10232.07313,44.06730008,232.191968
CAT,190740.2702,80.0238,2383.544273
CBIAT,17689.46963,21.99889999,804.107007
CBIAT_reverse,21148.31387,21.9989,961.335061
CBLAT,9949.384616,21.99889998,452.267369
CBLAT_reverse,27183.75746,21.99890001,1235.687123
CBMKr,37048.79484,31.64409999,1170.796289
CBMKr_reverse,10062.30195,31.64409998,317.983509
CBPS,12764.65483,159.272699,80.143395
CCGS,18471.57179,25.51420001,723.972211
CDAPPA120,31900.48775,28.4508,1121.250993
CDAPPA140,9300.229927,28.45080003,326.888169
CDAPPA141,30059.94402,28.4508,1056.558832
CDAPPA160,33511.40562,28.4508,1177.872173
CDAPPA161,10309.94605,28.4508,362.378072
CDAPPA180,63141.67922,28.4508,2219.328779
CDAPPA181,32332.59317,28.45079999,1136.438806
CDGR,18930.24966,32.58749998,580.905245
CDGUNPD,126921.3273,29.601,4287.737823
CDPMEK,4680,30.92539997,151.331915
CDPPH,28855.36431,35.35300001,816.20695
CFAS160E,52560.31961,43.90899999,1197.028391
CFAS160G,114927.3368,43.90899999,2617.398183
CFAS180E,1612231.501,43.909,36717.56362
CFAS180G,107777.6323,43.90900001,2454.568136
CHOLD,32331.58284,61.87759998,522.508676
CHOLID,20571.09954,26.77900001,768.180273
CHORM,123098.1309,42.0425,2927.945077
CHORS,151200,39.1374,3863.31233
CHRPL,828,18.77689995,44.096736
CINNDO,34531.83732,126.9953999,271.91408
CITL,144633.9099,119.242,1212.944348
CLPNS120pp,27301.68336,47.63350001,573.161396
CLPNS120pp_reverse,17185.48773,47.63349998,360.785744
CLPNS140pp,10794.75856,47.63350005,226.62115
CLPNS140pp_reverse,25952.24174,47.63350001,544.83172
CLPNS141pp,32295.07812,47.63350002,677.99087
CLPNS141pp_reverse,18706.27168,47.6335,392.712517
CLPNS160pp,33484.59677,47.63349999,702.963183
CLPNS160pp_reverse,19150.79185,47.63350004,402.044608
CLPNS161pp,23978.23534,47.63350002,503.390163
CLPNS161pp_reverse,13654.34394,47.63350003,286.654223
CLPNS180pp,18171.28853,47.63349995,381.48128
CLPNS180pp_reverse,9824.361941,47.63350004,206.249004
CLPNS181pp,21182.30828,47.63350004,444.693509
CLPNS181pp_reverse,10525.55087,47.63350001,220.969504
COLIPAabcpp,9847.991952,64.4607,152.775132
COLIPAKpp,30763.48947,26.7591,1149.645895
CPH4S,15951.34398,13.7729,1158.168866
CPL,55622.71588,31.84499999,1746.670306
CPMPS,19871.43998,54.81370002,362.526886
CPPPGO,900,34.32259964,26.22179
CPPPGO2,9383.577178,52.72900002,177.958565
CRNBTCT,21541.32361,45.12680001,477.351011
CRNBTCT_reverse,128941.3418,45.1268,2857.311881
CRNCAL2,10143.28302,58.55910011,173.214462
CRNCAR,203054.0799,28.1902,7203.002458
CRNCAR_reverse,20738.59238,28.19019998,735.666735
CRNCBCT,22065.27,45.12680003,488.961548
CRNCBCT_reverse,23925.28542,45.12680004,530.179082
CRNCDH,39436.11997,28.19019999,1398.930124
CRNCDH_reverse,14573.28508,28.19019998,516.962813
CRNDCAL2,20216.42014,58.55909993,345.23106
CS,104400,48.015,2174.320525
CSND,15341.80556,47.59100006,322.367791
CTBTCAL2,10877.64559,58.55910015,185.754999
CTECOAI6,24446.50672,79.59389993,307.140456
CTECOAI6_reverse,29128.12964,79.59389989,365.959322
CTECOAI7,24212.59768,79.59389993,304.201675
CTECOAI7_reverse,198000,79.59389999,2487.627821
CTECOAI8,29862.20361,79.59390002,375.182063
CTECOAI8_reverse,51918.91394,79.59390002,652.29765
CTPS2,39600,60.37420002,655.909312
CU1Opp,40900.17532,56.55619997,723.177571
CURR,9968.899921,37.61000006,265.059822
CXSAMS,25116.46412,27.77700001,904.218026
CYANST,331771.8227,12.0825,27458.87215
CYANSTpp,10162.25352,11.4753,885.576283
CYNTAH,18024.11929,17.0488,1057.207504
CYSDDS,27651.34377,35.15329998,786.593116
CYSDS,13182.37802,43.21239997,305.060076
CYSS,47534.80306,32.6642,1455.256919
CYSSADS,13159.47439,43.2342,304.376498
CYSTA,14883.03104,43.57340004,341.562307
CYSTL,16792.14941,43.21239999,388.595621
CYTBD2pp,28476.71077,100.3436998,283.791716
CYTBDpp,49127.83924,100.3437,489.595652
CYTBO3_4pp,2052552.006,143.9313,14260.63689
CYTD,65944.35572,31.5399,2090.823234
CYTDH,23757.87457,32.5608,729.646525
CYTDK1,9981.4541,24.35309998,409.8638
CYTDK2,9559.089353,24.35309999,392.520433
CYTK1,86400,24.7463,3491.431042
CYTK1_reverse,22437.44545,24.74630001,906.698999
CYTK2,25750.10172,24.74630001,1040.563709
CYTK2_reverse,10897.88195,24.74629999,440.384298
DAAD,27473.02376,47.60729996,577.075864
DADA,37137.1001,36.39749999,1020.32008
DADK,15176.86818,23.58599999,643.469354
DADK_reverse,13343.77709,23.58599999,565.749898
DAGK120,18231.9674,13.2447,1376.548159
DAGK140,9418.972615,13.2447,711.150318
DAGK141,9300.306841,13.24469999,702.190827
DAGK160,9418.996138,13.2447,711.152094
DAGK161,18097.76754,13.2447,1366.415815
DAGK180,9300.360269,13.24469999,702.194861
DAGK181,13406.26531,13.2447,1012.198488
DAPAL,33933.61467,43.32760001,783.187037
DAPDC,144000,46.1773,3118.415325
DAPE,302400,30.2086,10010.39439
DAPE_reverse,109969.7887,30.2086,3640.347077
DASYN120,9544.492519,31.45379999,303.444815
DASYN140,24327.98376,31.4538,773.45134
DASYN141,23858.22041,31.45380001,758.516313
DASYN160,237600,31.4538,7553.936249
DASYN161,280800,31.4538,8927.379204
DASYN180,17275.5872,31.45380001,549.236887
DASYN181,9600.275596,31.45380004,305.218307
DB4PS,1224,23.35350002,52.411844
DBTS,1.8,24.13968833,0.074566
DC6PDA,24868.36004,27.77400002,895.382733
DCTPD,10867.18117,21.24929998,511.413608
DCYTD,58808.63711,31.53990001,1864.57906
DDGALK,25598.32552,31.37359999,815.919293
DDGLK,171581.3307,33.9624,5052.096751
DDPA,140719.9588,38.0095,3702.231253
DDPGALA,25821.72449,21.39060001,1207.152884
DDPGALA_reverse,53869.17244,21.3906,2518.357243
DGK1,9898.287581,23.5927,419.548741
DGK1_reverse,10053.54912,23.59270002,426.129655
DGUNC,17685.97519,33.863,522.280223
DHACOAH,23116.39998,27.2374,848.700683
DHACOAH_reverse,12132.60569,27.23739999,445.439201
DHAD1,1512000,65.5316,23072.83814
DHAD2,500400,65.5316,7636.010718
DHAPT,81935.07541,184.9767998,442.947848
DHBD,14589.98073,26.24969999,555.815142
DHBD_reverse,15751.76703,26.24970002,600.074173
DHBS,20871.0962,59.11220008,353.07595
DHCIND,14890.46441,28.49960003,522.479768
DHCINDO,19495.60768,34.19600001,570.113688
DHCURR,9968.97298,37.60999999,265.061765
DHDPRy,50400,28.7566,1752.641133
DHDPS,39600,31.26999999,1266.389511
DHFR,17578.90389,17.99940001,976.638326
DHFR_reverse,20559.74064,17.9994,1142.245888
DHFS,828,45.40569993,18.235596
DHMPTR,37100.23214,26.34829999,1408.069293
DHNAOT4,28638.76395,33.59399999,852.496397
DHNCOAS,26258.64932,31.63310001,830.100411
DHNCOAT,11519.68616,14.94499999,770.805364
DHNPA2r,6120,13.61950001,449.355703
DHNPA2r_reverse,11082.16412,13.6195,813.698309
DHNPTE,19512.83723,13.6195,1432.713186
DHNPTE_reverse,10065.04768,13.6195,739.017415
DHORD2,72000,36.7745,1957.878421
DHORD5,38657.17404,36.77449998,1051.195096
DHORTS,37265.83384,38.8274,959.781851
DHORTS_reverse,24480,38.82740002,630.482597
DHPPD,16735.64013,28.49959999,587.223685
DHPPDA2,1152,40.33829967,28.558467
DHPS2,720,30.61509944,23.517807
DHPTDNR,15829.23579,23.9052,662.167051
DHPTDNRN,25764.69374,23.9052,1077.786161
DHPTPE,17759.95224,14.082,1261.181099
DHPTPE_reverse,17788.09141,14.082,1263.179336
DHQS,280800,38.881,7222.03647
DHQTi,212400,27.4666,7733.028478
DKGLCNR1,10057.9245,29.43680002,341.678596
DKGLCNR2x,19157.06075,35.39550003,541.228708
DKGLCNR2y,17120.40057,35.39549997,483.688621
DMATT,432,32.15959976,13.433003
DMPPS,396,34.7746,11.387622
DMQMT,22755.67142,26.55540001,856.913148
DMSOR1,51527.57551,144.0938002,357.59745
DMSOR1pp,32437.32175,129.2504001,250.964962
DMSOR2,94768.54027,144.0938001,657.686453
DMSOR2pp,79462.90645,129.2504001,614.798147
DNTPPA,9493.606192,14.9271,635.99803
DOGULNR,22733.58578,36.57269999,621.599876
DPCOAK,2304,22.62170011,101.849109
DPR,9584.979242,33.87079999,282.986503
DRPA,57740.0409,27.7338,2081.937596
DSBAO1,20873.21805,43.24670002,482.654585
DSBAO2,11874.51671,43.2467,274.57625
DSBCGT,35098.21691,25.6217,1369.862925
DSBDR,37200.94625,73.60169997,505.435965
DSBGGT,176926.5936,27.495,6434.864288
DSERDHr,15835.52183,27.24890001,581.143526
DSERDHr_reverse,17622.70624,27.24889999,646.730923
DTARTD,45441.45666,60.1053,756.030777
DTMPK,64800,23.7831,2724.623787
DTMPK_reverse,22465.87078,23.78310001,944.614906
DURADx,38271.10824,89.39829992,428.0966
DURADx_reverse,14611.84152,89.39830027,163.446525
DURIK1,13012.21128,23.45659999,554.735609
DURIPP,31920.23239,25.9499,1230.071499
DURIPP_reverse,9672.277903,25.94989997,372.728909
DUTPDP,13211.96805,16.15550001,817.800009
DXPRIi,11880,43.38800005,273.808426
DXPS,3960,67.6169004,58.56524
DXYLK,37749.01216,52.61819997,717.413598
DXYLTD,77138.03722,69.39900003,1111.515111
DXYLTD_reverse,71697.11216,69.39900001,1033.114485
E4PD,9322.452155,35.53249994,262.364094
E4PD_reverse,19375.48784,35.53250003,545.289181
E4PP,23567.45492,20.77979999,1134.152154
EAR100x,13324.87919,27.86390001,478.212999
EAR100y,9300.030649,27.86390003,333.766294
EAR120x,15973.78694,27.86389999,573.278936
EAR120y,9300.025246,27.86390004,333.7661
EAR121x,14092.40007,27.86390002,505.758349
EAR121y,9300.032309,27.86389999,333.766354
EAR140x,18506.45411,27.86389998,664.173146
EAR140y,15246.01464,27.86389999,547.160112
EAR141x,14822.30279,27.86390002,531.953631
EAR141y,9385.00781,27.86389998,336.816017
EAR160x,9300.034296,27.86390002,333.766425
EAR160y,9300.034724,27.86389997,333.766441
EAR161x,9300.026639,27.86390004,333.76615
EAR161y,9387.626342,27.86389996,336.909993
EAR180x,12882.05534,27.86390002,462.320613
EAR180y,9300.032341,27.86390001,333.766355
EAR181x,24255.17127,27.8639,870.487307
EAR181y,16968.83979,27.86390002,608.990119
EAR40x,44179.31434,27.86389999,1585.53951
EAR40y,15779.792,27.86389998,566.316704
EAR60x,13560.4688,27.86390002,486.668011
EAR60y,14300.64672,27.86390001,513.232057
EAR80x,14706.89696,27.86389998,527.811863
EAR80y,9300.029087,27.86390002,333.766238
ECA4OALpp,9951.766805,46.87770011,212.29213
ECAP1pp,53500.34426,135.966,393.483255
ECAP2pp,113152.0132,135.966,832.208149
ECAP3pp,54306.83617,135.9659998,399.414826
ECAtpp,86843.56536,44.95970001,1931.586851
ECOAH1,43149.26455,77.07220001,559.855104
ECOAH1_reverse,55686.49906,77.07220001,722.523803
ECOAH2,48500.51292,77.07219996,629.286733
ECOAH2_reverse,45311.23192,77.07219997,587.9063
ECOAH3,44125.78766,77.07219999,572.525342
ECOAH3_reverse,38981.49761,77.07219997,505.778966
ECOAH4,41618.87183,77.07219996,539.998493
ECOAH4_reverse,34389.94493,77.07220008,446.204272
ECOAH5,45024.42384,77.07219998,584.185009
ECOAH5_reverse,31162.6381,77.07220005,404.33046
ECOAH6,36593.98049,77.07219993,474.801297
ECOAH6_reverse,46056.25922,77.0722,597.572915
ECOAH7,37020.63211,77.07220001,480.337036
ECOAH7_reverse,25171.19057,77.07220012,326.592345
ECOAH8,18863.03522,77.07220007,244.744995
ECOAH8_reverse,24530.3731,77.07219997,318.277837
EDA,44337.53138,22.284,1989.657664
EDD,48328.78694,64.63899998,747.672256
EDTXS1,12691.75649,35.40679998,358.455339
EDTXS2,22707.38756,37.4104,606.980614
EDTXS3,16672.68023,35.49340002,469.740296
EDTXS4,63673.51745,37.41039999,1702.027176
EGMEACPR,0.108,27.86377709,0.003876
ENTCS,10772.53122,23.25860002,463.163355
ENTERES,11061.15945,45.65189998,242.293518
EPMEACPR,0.108,27.86377709,0.003876
ETHAAL,71428.12398,81.18460003,879.823562
F1PP,30106.44206,20.7798,1448.832138
F6PA,67194.11527,22.9968,2921.889796
F6PA_reverse,19796.27081,22.99679999,860.827194
F6PP,18699.03043,20.77979999,899.865756
FA100ACPHi,9507.909798,22.96109999,414.087731
FA120ACPHi,17684.13687,22.96109999,770.178122
FA140ACPHi,100253.0484,22.9611,4366.212786
FA141ACPHi,467514.5519,22.9611,20361.15656
FA160ACPHi,34673.13241,22.96110001,1510.081503
FA161ACPHi,72014.93431,22.9611,3136.388688
FA80ACPHi,9507.786649,22.96109997,414.082368
FACOAE100,148841.6558,31.9663,4656.20531
FACOAE120,79200,31.9663,2477.609232
FACOAE140,63347.75856,31.96630001,1981.704437
FACOAE141,22065.15168,31.96630001,690.262923
FACOAE160,129600,31.9663,4054.269653
FACOAE161,154800,31.9663,4842.599863
FACOAE180,44832.33864,31.96630001,1402.487577
FACOAE181,28297.73827,31.96629999,885.236586
FACOAE60,10237.32554,31.96630003,320.25369
FACOAE80,9300.085783,31.96629996,290.934071
FACOAL100t2pp,19405.05356,60.77309997,319.303336
FACOAL120t2pp,19622.55997,60.77310007,322.882327
FACOAL140t2pp,15392.79644,60.77310004,253.283055
FACOAL141t2pp,18524.51186,60.77309993,304.814332
FACOAL160t2pp,20734.33515,60.77310004,341.176197
FACOAL161t2pp,21999.51044,60.77309999,361.994212
FACOAL180t2pp,19696.91639,60.77310003,324.105836
FACOAL181t2pp,20613.48472,60.77309997,339.187646
FACOAL60t2pp,24310.91002,60.77309994,400.02748
FACOAL80t2pp,17459.32014,60.77310007,287.286976
FADRx,1090800,26.242,41566.95374
FADRx2,51368.76695,66.26980001,775.145948
FALDH2,29317.27206,39.35900001,744.868316
FALDH2_reverse,22410.33031,39.35900001,569.382614
FBA,37445.93179,38.10920001,982.595588
FBA_reverse,34326.33312,38.10919998,900.736125
FBA3,14400,39.14730004,367.84146
FBA3_reverse,10772.90842,39.14730002,275.189053
FBP,274394.2568,29.721,9232.335951
FCI,38459.23614,64.97669998,591.892727
FCI_reverse,60125.13198,64.9767,925.333727
FCLK,68205.67506,52.2587,1305.154454
FCLPA,24648.80337,23.22249999,1061.419028
FCLPA_reverse,19739.33073,23.2225,850.008859
FCLT,9524.036689,33.05199999,288.153113
FDH4pp,32853.99749,170.1060998,193.138268
FDH5pp,29922.56645,170.1061002,175.905311
FDMO,9726.121987,41.73630008,233.037475
FDMO2,9825.639001,41.73629999,235.421899
FDMO3,19785.56126,41.73630001,474.061219
FDMO4,14910.81158,41.7363,357.262421
FDMO6,9703.843927,41.73630001,232.503694
FE3DCITR5,12098.3979,28.87200002,419.035671
FE3DHBZS3R,10690.26984,28.87200003,370.264264
FE3Ri,41567.57582,26.24199999,1584.009444
FEENTERES,22628.10623,45.65190003,495.666253
FEENTERR4,16687.14684,28.872,577.969896
FEOXAMR1,26079.92347,30.11279999,866.074343
FEOXAMR2,10115.68801,30.11279997,335.926517
FEOXAMR3,57714.15197,30.1128,1916.598655
FEROpp,9485.933332,18.49500002,512.891772
FESR,71840.53476,24.8826,2887.179586
FHL,166094.0433,311.4924001,533.220211
FLDR2,47286.67079,47.4511,996.534765
FLVR,11168.07223,26.24200002,425.580071
FLVRx,10178.43535,26.24199997,387.868126
FMNAT,324,34.73430136,9.327955
FMNRx,23127.606,21.2533,1088.18894
FMNRx2,17654.45437,21.25329999,830.668855
FOMETRi,13204.69489,21.10539998,625.654804
FORCT,37350.27356,45.82820001,815.00634
FORCT_reverse,129064.0685,45.8282,2816.258734
FRD2,39705.41401,121.2166001,327.557562
FRD3,40135.54568,121.2166002,331.106017
FRUK,65166.15067,33.7557,1930.522865
FRULYSDG,41650.55762,38.56920001,1079.891665
FRULYSDG_reverse,10651.82164,38.56919994,276.174296
FRULYSE,20347.52166,31.16879999,652.816973
FRULYSE_reverse,26511.74296,31.16880001,850.585937
FRULYSK,26674.19432,28.3318,941.493104
FTHFD,11273.54495,31.93470004,353.018658
G1PACT,57600,49.19009999,1170.967329
G1PP,9921.660322,22.732,436.46227
G1PPpp,34600.56248,45.68289998,757.407312
G1PTT,10400.149,32.6936,318.10963
G1SAT,324,45.36609811,7.141897
G1SAT_reverse,38145.11774,45.36609998,840.828675
G2PP,10610.83138,29.17209999,363.732175
G2PPpp,26350.74038,26.10350001,1009.471541
G3PAT120,9886.455119,100.021,98.843794
G3PAT140,21089.53063,100.0209998,210.851028
G3PAT141,9708.960668,100.0210001,97.069222
G3PAT160,19657.24406,100.021,196.531169
G3PAT161,21670.12086,100.021,216.655711
G3PAT180,9300.061724,100.0210002,92.981091
G3PAT181,18222.06537,100.0210002,182.182395
G3PD2,68644.24348,36.3616,1887.822414
G3PD2_reverse,122400,36.3616,3366.188507
G3PD5,60326.17992,56.75049998,1063.007021
G3PD6,29478.25323,148.4234996,198.60907
G3PD7,97058.71559,148.4235,653.930918
G3PT,9873.825329,27.16299999,363.502755
G5SD,50400,44.63000001,1129.285234
G6PDA,151224.2552,29.7742,5079.036723
G6PDH2r,558000,55.7044,10017.16202
G6PDH2r_reverse,27844.11588,55.70439996,499.854875
G6PP,9870.743437,23.00700001,429.032183
GAL1PPpp,49931.64198,45.68289998,1093.005085
GALCTD,72941.9405,56.40160001,1293.260129
GALCTLO,21845.1942,36.44790003,599.353987
GALCTND,20418.46137,42.52290002,480.175655
GALKr,44343.2048,41.44209999,1070.003808
GALKr_reverse,27093.8564,41.44209997,653.776146
GALM2pp,52658.36885,38.1905,1378.834235
GALS3,27314.25764,50.65709996,539.199
GALT1,95078.50661,40.8259,2328.877174
GALUi,10809.57201,32.94229999,328.13653
GAPP,71411.82725,24.33,2935.1347
GARFT,403200,23.2383,17350.66679
GARFT_reverse,40052.3476,23.23829999,1723.548952
GART,432,42.43369833,10.180588
GCALDD,72,52.27281472,1.377389
GDMANE,130011.786,36.1411,3597.33893
GDPDPK,40330.37894,79.34239996,508.308029
GDPMNH,111348.1079,18.2735,6093.419865
GDPMNP,58494.91914,21.7487,2689.582326
GDPTPDP,184851.3609,79.3424,2329.792909
GF6PTA,7920,66.89429986,118.395738
GGGABADr,20624.58608,53.41859995,386.093722
GGGABADr_reverse,20083.16025,53.41859993,375.958192
GGGABAH,5814339.581,28.013,207558.6185
GGPTRCO,59111.19011,47.16950001,1253.165501
GGPTRCS,10428.39012,53.17720008,196.106416
GHBDHx,21755.70782,31.15809999,698.236023
GHBDHx_reverse,135145.7337,31.1581,4337.41896
GHMT2r,11520,45.3166,254.211481
GHMT2r_reverse,36640.10614,45.31660002,808.53608
GK1,151200,23.5927,6408.762032
GK1_reverse,27785.55742,23.5927,1177.718422
GLBRAN2,221256.5004,84.33689999,2623.483913
GLCATr,10408.43895,20.09600002,517.935855
GLCATr_reverse,10000.12983,20.09600002,497.617925
GLCDpp,43571.8008,41.0545,1061.316075
GLCP,26911.79951,90.52239998,297.294366
GLCP2,256439.2924,90.5224,2832.882164
GLCRAL,24765.1176,27.38419999,904.3579
GLCRD,16806.78677,48.84960005,344.051676
GLCS1,12943.08398,52.82240002,245.030214
GLCTR1,19615.95287,42.28410003,463.908487
GLCTR2,15230.70238,39.42319995,386.338562
GLCTR3,14212.74192,39.04029998,364.053092
GLDBRAN2,31696.23254,73.57669996,430.791712
GLGC,18829.61562,48.69759999,386.66414
GLNS,119723.2776,51.90380001,2306.638003
GLTPD,22429.04508,37.39009998,599.865876
GLTPD_reverse,26014.78708,37.39009999,695.766716
GLU5K,90000,39.0565,2304.353949
GLUCYS,24739.04104,58.26930003,424.563896
GLUDC,63196.41049,52.66810001,1199.899189
GLUDy,180117.9189,48.5814,3707.548957
GLUDy_reverse,666000,48.5814,13708.95034
GLUN,43731.73602,32.9033,1329.098784
GLUNpp,20661.07493,36.8507,560.669809
GLUPRT,219600,56.488,3887.551338
GLUR,88419.50993,31.002,2852.058252
GLUR_reverse,75600,31.00200001,2438.552351
GLUSy,135501.647,215.3123,629.326086
GLUTRR,9680.98199,46.30680001,209.061779
GLUTRS,324,53.81569917,6.020548
GLXCL,50871.83922,64.73170004,785.887582
GLYAT,10460.27884,43.11699999,242.602195
GLYAT_reverse,50081.79355,43.11699998,1161.532425
GLYCDx,19473.16795,38.71220002,503.024058
GLYCK,29775.87608,38.73450001,768.717192
GLYCK2,61745.26025,39.1043,1578.989018
GLYCL,36542.3134,209.0226996,174.824617
GLYCLTDx,20514.68636,35.34339998,580.438961
GLYCLTDy,62636.42448,35.3434,1772.224078
GLYCTO2,50485.46818,137.2828001,367.747949
GLYCTO3,57086.12156,137.2828001,415.828651
GLYCTO4,117077.842,137.2828,852.822364
GLYK,45670.44197,56.2308,812.196198
GLYOX,10623.00336,28.43440002,373.596888
GLYOX3,9301.150228,31.19000003,298.209369
GMAND,18347.65327,42.04679997,436.362655
GMHEPAT,348334.2784,51.0506,6823.314092
GMHEPK,1502082.994,51.0506,29423.41508
GMHEPPA,283427.0473,21.2942,13310.05848
GMPR,11043.44409,37.38370001,295.408001
GMPS,24356.93407,58.6792,415.086335
GMPS2,18000,58.67920006,306.752648
GND,79200,51.48130001,1538.422689
GNK,26754.97352,19.5433,1369.01002
GNP,22285.81762,20.77979999,1072.475078
GOFUCR,10022.30239,36.14109999,277.310386
GP4GH,10828.74747,31.29670003,346.002852
GPDDA1,10438.37512,27.40960003,380.829166
GPDDA1pp,37449.60109,40.84340001,916.907042
GPDDA2,9300.301081,27.4096,339.308165
GPDDA2pp,41162.26921,40.84340001,1007.807117
GPDDA3,16136.67087,27.40959999,588.723326
GPDDA3pp,36706.06811,40.84340001,898.702559
GPDDA4,9300.271378,27.40960003,339.307081
GPDDA4pp,41144.26043,40.84339998,1007.366195
GPDDA5,10984.70162,27.40960002,400.761106
GPDDA5pp,28550.56261,40.84339998,699.025121
GRTT,432,32.15959976,13.433003
GRXR,11950.26729,9.137499997,1307.82679
GSNK,69004.44076,48.44879998,1424.27554
GSPMDA,57857.65322,70.53199998,820.303596
GSPMDS,48666.39977,70.53199997,689.990356
GTHOr,25901.61614,48.77249996,531.070094
GTHOr_reverse,10041.29653,48.77249994,205.880292
GTHPi,21215.21356,20.46960001,1036.425409
GTHRDHpp,75119.99162,61.76799998,1216.163574
GTHS,42649.46597,35.56090001,1199.335955
GTPCI,28.8,24.83060441,1.159859
GTPCII2,432,21.83600021,19.783843
GTPDPDP,11616.65916,54.87109991,211.708152
GTPDPK,21923.85937,83.87560006,261.385425
GUAD,142271.6549,50.2442,2831.603546
GUAPRT,17179.19996,16.97059999,1012.291844
GUI1,86159.1663,53.98720001,1595.918408
GUI1_reverse,18227.31552,53.98720002,337.622909
GUI2,34845.04678,53.98720002,645.431635
GUI2_reverse,1106757.021,53.9872,20500.35973
HACD1,38780.61833,77.07219999,503.172588
HACD1_reverse,41623.13358,77.07220004,540.053788
HACD2,39035.14214,77.07220006,506.474995
HACD2_reverse,39702.90928,77.07219998,515.139172
HACD3,39593.4512,77.0722,513.71897
HACD3_reverse,36814.26424,77.07219992,477.659445
HACD4,38552.38416,77.07220007,500.211284
HACD4_reverse,31565.19803,77.07219995,409.553614
HACD5,40209.19967,77.07220003,521.708212
HACD5_reverse,28543.86811,77.07220009,370.35232
HACD6,31487.30375,77.07220007,408.542947
HACD6_reverse,28885.7992,77.0722,374.788824
HACD7,34363.09202,77.07220002,445.85586
HACD7_reverse,23943.32058,77.07220007,310.66092
HACD8,30181.25367,77.07220009,391.597147
HACD8_reverse,23805.65727,77.07219998,308.87476
HADPCOADH3,21560.11817,51.73260003,416.760769
HADPCOADH3_reverse,18258.39275,51.73259993,352.937853
HBZOPT,9461.03602,32.51180001,291.003144
HCO3E,32760,23.7643,1378.538396
HCO3E_reverse,17055.96902,23.76429999,717.713925
HCYSMT,39542.54746,33.42279999,1183.100981
HCYSMT2,9603.528682,33.42280003,287.334654
HEMEOS,10296.6826,32.24849996,319.291831
HEPK1,20974.87796,30.87229999,679.407688
HEPK2,26010.86203,27.461,947.19282
HEPT1,10345.03235,35.54380004,291.050263
HEPT2,10836.90288,39.04209996,277.569672
HEPT3,22408.29661,38.73069999,578.566786
HEPT4,66050.8024,41.72950001,1582.832346
HETZK,11542.76602,27.3392,422.205698
HEX1,47562.8567,34.7231,1369.775645
HEX7,31530.95853,32.49979999,970.18931
HISTD,11160,46.11029995,242.028354
HISTP,13680,40.27800005,339.639505
HKNDDH,38363.58101,31.9375,1201.208016
HKNTDH,18327.29297,31.93749998,573.848704
HMBS,468,33.85180115,13.824966
HMPK1,15927.76481,28.63359998,556.261344
HOPNTAL,50874.6321,36.47039999,1394.95679
HPACOAT,20199.22046,14.851,1360.125275
HPPK2,576,18.07879984,31.860522
HPPPNDO,35492.10059,34.196,1037.902111
HPYRI,50196.10612,29.3774,1708.664011
HPYRI_reverse,10252.32424,29.37740003,348.98678
HPYRP,20546.33029,21.436,958.496468
HPYRRx,16797.03153,35.34339998,475.252283
HPYRRy,9598.25048,35.34340004,271.571226
HSDy,70415.01259,88.8877,792.179487
HSDy_reverse,638760.4157,88.8877,7186.150791
HSK,291600,33.6236,8672.480044
HSST,28800,35.72729999,806.106255
HSTPT,11880,39.36010006,301.828501
HXAND,64608.61918,129.7994001,497.757456
HXCT,30493.60812,46.48590003,655.975427
HXPRT,17665.84585,16.97059999,1040.967665
HYD1pp,5271939.547,134.532,39187.2532
HYD2pp,7210616.458,134.532,53597.7794
HYD3pp,29005.97007,134.5320002,215.606473
I2FE2SR,9301.724046,58.93810001,157.821919
I2FE2SS,9421.285561,58.93809989,159.850514
I2FE2SS2,9497.407543,58.93809993,161.142072
I2FE2ST,9353.641428,25.4046,368.18692
I4FE4SR,7.2,13.84860398,0.519908
I4FE4ST,9505.115485,25.40459998,374.149386
ICHORS_copy1,50074.22462,42.93160001,1166.372197
ICHORS_copy2,24753.81242,48.7646,507.618486
ICHORS_copy2_reverse,11143.4815,48.76460007,228.515798
ICHORT,13917.92539,32.55429999,427.529555
ICYSDS,36,45.08950266,0.798412
IDOND,19621.3609,37.14660001,528.214181
IDOND_reverse,19846.42749,37.14659998,534.273056
IDOND2,9973.965222,37.14660001,268.502776
IG3PS,32266.5357,50.10729999,643.9488
IGPDH,13680,40.27800005,339.639505
IGPS,18000,49.49230001,363.692938
ILETA,22229.68578,34.09359999,652.019317
ILETA_reverse,21960,34.09360002,644.109158
IMPC,17248.07481,57.32920001,300.860204
IMPC_reverse,36000,57.32919997,627.952248
IMPD,6480,52.02240011,124.561727
INOSTO,30029.78275,61.16400006,490.971531
INOSTO_reverse,28380.97591,61.16400001,464.014386
INSH,36111.155,32.5608,1109.037708
INSK,38426.53993,48.44880003,793.137083
IPDDI,16631.67284,20.5083,810.972769
IPDDI_reverse,55097.27431,20.5083,2686.584179
IPDPS,3096,34.77460011,89.030499
IPMD,17640,39.51700002,446.390161
IPPMIa,11963.94288,72.36930005,165.31793
IPPMIa_reverse,106566.4071,72.36930002,1472.536104
IPPMIb,23255.09457,72.36930004,321.339222
IPPMIb_reverse,123242.3232,72.36930002,1702.964146
IPPS,36000,57.29789999,628.295278
KARA1,15966.4598,54.06900008,295.297856
KARA1_reverse,8280,54.06900015,153.137657
KARA2,2700,54.06899961,49.936193
KARA2_reverse,11785.94812,54.06899995,217.979769
KAS14,9362.983381,42.61330006,219.719744
KAS15,22049.2422,33.5151,657.889793
KDOCT2,15120,27.61439998,547.540414
KDOPP,36000,19.9971,1800.261038
KDOPS,2592,30.83269987,84.066592
KDUI,45006.1627,31.07600001,1448.261124
KG6PDC,21707.18087,23.44480001,925.884668
L_LACD2,93550.12704,42.7282,2189.423543
L_LACD3,61053.04188,42.72819999,1428.869971
LA4NTpp,30335.10919,62.54259998,485.03115
LACZ,74153.44238,116.4829001,636.603676
LACZpp,21454.23258,83.45999989,257.06006
LADGMDH,25938.68088,26.558,976.680506
LALDO2x,30808.04378,38.71220001,795.822603
LALGP,231021.2838,52.9154,4365.86105
LCADi,22726.49816,52.2728,434.767186
LCARS,12525.20682,40.51340003,309.162075
LCARS_reverse,20440.77639,40.51339998,504.543593
LCARSyi,9500.890252,37.97799999,250.168262
LDGUNPD,44519.35518,74.66500003,596.254673
LDH_D,41919.84126,36.5348,1147.394847
LDH_D_reverse,11290.79911,36.53480004,309.042313
LDH_D2,11899.87868,64.61230007,184.173581
LEUTAi,54098.62261,34.0936,1586.767681
LGTHL,9557.43858,14.91980001,640.58758
LIPAabcpp,14115.54858,64.46069998,218.979139
LIPACabcpp,10250.91946,64.46069988,159.025879
LIPAMPL,15754.36386,37.92589998,415.39855
LIPATPT,25688.03264,37.92590001,677.321636
LIPOCT,9300.465425,23.88250002,389.425957
LIPOS,9300.554147,36.07169993,257.835205
LKDRA,14748.35399,28.91599998,510.041292
LKDRA_reverse,9819.411113,28.91599999,339.584006
LPADSS,187200,42.3824,4416.927781
LPLIPAL1A120pp,9607.451501,23.62219999,406.712817
LPLIPAL1A140pp,21414.67088,23.62220001,906.548538
LPLIPAL1A141pp,10375.35393,23.6222,439.220476
LPLIPAL1A160pp,313499.2089,23.6222,13271.38069
LPLIPAL1A161pp,14398.00521,23.62220001,609.511612
LPLIPAL1A180pp,9300.046054,23.62219998,393.699404
LPLIPAL1A181pp,15755.14779,23.6222,666.96361
LPLIPAL1E120pp,18049.24557,23.6222,764.079788
LPLIPAL1E140pp,9607.460155,23.62220001,406.713183
LPLIPAL1E141pp,9609.131398,23.6222,406.783932
LPLIPAL1E160pp,15013.90298,23.62220001,635.584449
LPLIPAL1E161pp,13796.97292,23.62219999,584.068077
LPLIPAL1E180pp,9300.057685,23.6222,393.699896
LPLIPAL1E181pp,9300.051662,23.62220001,393.699641
LPLIPAL1G120pp,9607.452793,23.62220003,406.712871
LPLIPAL1G140pp,9300.039358,23.62220001,393.69912
LPLIPAL1G141pp,9300.056692,23.6222,393.699854
LPLIPAL1G160pp,9751.655563,23.6222,412.817416
LPLIPAL1G161pp,15394.04218,23.62219999,651.676905
LPLIPAL1G180pp,14240.04696,23.62220001,602.824756
LPLIPAL1G181pp,9300.05235,23.62220001,393.69967
LPLIPAL2A120,9300.07543,38.97829999,238.59623
LPLIPAL2A140,9300.044372,38.97830002,238.595433
LPLIPAL2A141,9300.07818,38.97829992,238.596301
LPLIPAL2A160,10123.72369,38.97829994,259.727174
LPLIPAL2A161,25406.02561,38.97829999,651.799222
LPLIPAL2A180,18839.70967,38.97830001,483.338413
LPLIPAL2A181,13091.78521,38.97829998,335.873684
LPLIPAL2ATE120,15214.42477,38.97829996,390.33064
LPLIPAL2ATE140,9795.36019,38.97830005,251.302909
LPLIPAL2ATE141,24162.76916,38.9783,619.903104
LPLIPAL2ATE160,27150.84664,38.97829999,696.56313
LPLIPAL2ATE161,16457.64902,38.97830003,422.225931
LPLIPAL2ATE180,9726.60245,38.97829997,249.538909
LPLIPAL2ATE181,9769.098535,38.97829995,250.629159
LPLIPAL2ATG120,15263.39692,38.97829998,391.587035
LPLIPAL2ATG140,14782.19516,38.97830001,379.241659
LPLIPAL2ATG141,9726.546006,38.97829996,249.537461
LPLIPAL2ATG160,41172.89897,38.9783,1056.303096
LPLIPAL2ATG161,28569.38076,38.97829999,732.956049
LPLIPAL2ATG180,14302.36908,38.97829998,366.931577
LPLIPAL2ATG181,19600.74689,38.97829998,502.863052
LPLIPAL2E120,9300.089592,38.97830005,238.596593
LPLIPAL2E140,9300.115008,38.97830006,238.597245
LPLIPAL2E141,9300.051788,38.97830007,238.595623
LPLIPAL2E160,22686.53673,38.97830003,582.029917
LPLIPAL2E161,10543.91586,38.9783,270.50733
LPLIPAL2E180,21392.64662,38.97829999,548.834778
LPLIPAL2E181,9300.052674,38.97830002,238.595646
LPLIPAL2G120,9300.050474,38.97829995,238.59559
LPLIPAL2G140,16311.88717,38.97830003,418.486367
LPLIPAL2G141,9300.047494,38.97830004,238.595513
LPLIPAL2G160,10136.74444,38.97829998,260.061225
LPLIPAL2G161,11808.07575,38.97829998,302.939732
LPLIPAL2G180,10096.05001,38.9783,259.017197
LPLIPAL2G181,10096.07048,38.97830003,259.017722
LSERDHr,14125.37111,27.24890001,518.383168
LSERDHr_reverse,11184.7652,27.24890003,410.466668
LYSAM,26321.80499,38.74999999,679.272387
LYSAM_reverse,25606.02051,38.75000002,660.800529
LYSDC,11370.9205,80.59029976,141.095399
LYXI,47448.98608,47.1994,1005.287908
M1PD,21414.05704,41.13899997,520.529353
M1PD_reverse,24491.61456,41.13900002,595.338111
MACPD,17858.85608,42.61329997,419.091131
MALCOAMT,9301.412639,28.27619999,328.948467
MALDDH,21531.68437,40.31490003,534.087505
MALTATr,33857.47486,20.09599999,1684.786767
MALTATr_reverse,10202.84671,20.09599999,507.70535
MAN1PT2,174021.8972,53.0163,3282.422523
MAN6PI,39462.13397,42.85000002,920.936615
MAN6PI_reverse,59947.56896,42.85000001,1399.009777
MANAO,42550.17941,53.58020003,794.139988
MANAO_reverse,66372.21763,53.58019998,1238.745239
MANPGH,80637.61097,100.0150001,806.255171
MC6PH,1075510.261,50.5125,21291.9626
MCITD,37457.91464,53.95180003,694.284799
MCITL2,38608.8206,32.13470001,1201.468213
MCITL2_reverse,20380.45042,32.13470002,634.219408
MCITS,35244.93913,43.10219998,817.706269
MCOATA,17706.54298,41.05670004,431.270486
MCOATA_reverse,9518.869696,41.05670004,231.846926
MCPST,11568.74394,30.81179997,375.464723
MCTP1App,42697.94069,228.3701995,186.968093
MCTP1Bpp,374951.4102,36.082,10391.64709
MCTP2App,125796.3953,228.3702,550.844179
MDDCP1pp,54493.1509,41.849,1302.137468
MDDCP2pp,26499.7787,41.84899999,633.223702
MDDCP3pp,26609.07923,41.84900003,635.835485
MDDCP4pp,11770.52921,41.849,281.261899
MDDCP5pp,152010.8959,41.849,3632.366267
MDDEP1pp,30020.38301,21.03999999,1426.824288
MDDEP2pp,194468.9023,21.04,9242.81855
MDDEP3pp,33111.5862,21.04,1573.744591
MDDEP4pp,26327.99993,21.04,1251.330795
MDH2,42664.64483,60.22960004,708.36673
MDH3,139494.2586,60.2296,2316.041591
ME1,60940.10038,63.19730002,964.28329
ME2,502505.1652,82.4174,6097.076166
MECDPDH5,9667.011089,60.3838001,160.092791
MECDPS,324,16.89750008,19.174434
MEPCT,12960,25.73730002,503.549323
METAT,21.6,41.95160416,0.514879
METGLCUR,48441.85139,68.44700003,707.727897
METNA,9848.755829,19.24799999,511.676841
METNA_reverse,27085.97543,19.248,1407.209862
METSOXR1,9516.09821,35.12160005,270.947172
METSOXR2,9462.184355,27.25780002,347.136759
MGSA,10091.64245,16.91860001,596.482123
MI1PP,404041.0784,29.1721,13850.25687
MICITDr,24735.85224,93.49810018,264.559945
MICITDr_reverse,42684.56006,93.4981,456.528636
MLDCP1App,12050.76394,34.41100004,350.200922
MLDCP1Bpp,38207.63549,34.41100001,1110.33203
MLDCP2App,61771.37288,34.411,1795.105428
MLDCP2Bpp,71515.31566,34.411,2078.269032
MLDCP3App,11472.2901,34.41099999,333.390198
MLDEP1pp,42680.98235,30.13670001,1416.24605
MLDEP2pp,29895.31519,30.1367,991.990337
MLTG1,64611.20243,69.04100003,935.83816
MLTG2,44577.3078,69.04099995,645.664284
MLTG3,48889.46887,69.04099998,708.122259
MLTG4,40858.37928,69.04099998,591.798776
MLTG5,51313.46702,69.04099996,743.231805
MLTGY1pp,31677.55986,22.22660001,1425.209427
MLTGY2pp,72155.37283,22.2266,3246.352246
MLTGY3pp,26411.44996,22.2266,1188.281157
MLTGY4pp,14600.99625,22.2266,656.915419
MLTP1,24684.35694,90.5224001,272.687831
MLTP1_reverse,78285.20605,90.52240002,864.815847
MLTP2,27243.36347,90.52239985,300.95715
MLTP2_reverse,20152.04116,90.52239983,222.619387
MLTP3,21419.81586,90.52240013,236.62448
MLTP3_reverse,10299.24688,90.5223999,113.775672
MMCD,22988.03684,29.17260001,788.000961
MMM,728300.542,77.8713,9352.618256
MN6PP,11553.01474,24.33000001,474.846475
MNNH,54841.49543,44.83800002,1223.103069
MOADSUx,36042.55733,53.84740003,669.346288
MOAT,212400,47.2911,4491.33135
MOAT2,212400,47.2911,4491.33135
MOAT3C,11125.6214,32.92010002,337.958311
MOCDS,18106.42146,21.51379999,841.618936
MOCOS,72,44.0672883,1.633865
MOGDS,20487.08051,21.6429,946.595905
MOHMT,36,28.23739808,1.274905
MPTAT,2448,21.22240001,115.349819
MPTG,18797.02545,128.5964996,146.170584
MPTG2,11151.79658,128.5965005,86.719285
MPTS,9753.689326,25.73900002,378.945931
MPTSS,6120,26.71879999,229.052203
MSAR,16893.06136,21.57039999,783.159393
MTAN,9431.398224,24.35399998,387.2628
MTHFC,248400,31.0438,8001.597743
MTHFC_reverse,53981.9901,31.04380001,1738.897625
MTHFD,248400,31.0438,8001.597743
MTHFD_reverse,28796.28731,31.04380001,927.601882
MTHFR2,9720,33.10270003,293.631637
MTRPOX,11031.88203,40.902,269.714978
NADDP,10638.00544,29.68890003,358.315917
NADH10,21675.04155,20.17,1074.617826
NADH16pp,700176.037,540.4141999,1295.628496
NADH17pp,134714.4577,540.4141999,249.280011
NADH18pp,12049.1586,540.4141925,22.296155
NADH5,19111.97638,20.17,947.544689
NADH9,10293.42646,20.17000001,510.333488
NADHPO,10193.77953,76.9380001,132.49343
NADHXD,65061.63673,54.65000001,1190.514853
NADHXE,13737.72351,54.6500001,251.376459
NADHXE_reverse,13156.18454,54.65000005,240.735307
NADK,3960,32.56640009,121.59772
NADPHQR2,27721.05118,21.89089999,1266.327615
NADPHQR3,30528.29321,21.8909,1394.565468
NADPHQR4,16809.95379,21.8909,767.896879
NADPHXD,10822.86747,54.64999998,198.039661
NADPHXE,21725.95795,54.65000007,397.547263
NADPHXE_reverse,922865.2178,54.65,16886.82924
NADS1,180,30.63680123,5.875287
NADTRHD,94594.50652,51.5604,1834.634846
NAMNPP,9308.69978,45.89730003,202.815847
NDP3,34101.47047,17.4329,1956.155916
NDP7,33721.60938,35.35300001,953.854252
NDPK1,22045.90831,15.4634,1425.683117
NDPK1_reverse,9805.867045,15.4634,634.133958
NDPK2,24602.14215,15.4634,1590.991771
NDPK2_reverse,13143.65765,15.4634,849.984974
NDPK3,17317.19681,15.46340001,1119.882872
NDPK3_reverse,23476.2708,15.4634,1518.182987
NDPK4,12739.59929,15.46340001,823.854992
NDPK4_reverse,25751.50973,15.4634,1665.320029
NDPK5,9864.913493,15.46339999,637.952423
NDPK5_reverse,10223.94078,15.46339999,661.170298
NDPK6,9855.575546,15.46339999,637.348549
NDPK6_reverse,9881.818517,15.4634,639.045651
NDPK7,9921.020926,15.46339999,641.580825
NDPK7_reverse,10352.40646,15.4634,669.478023
NDPK8,15171.87038,15.4634,981.14712
NDPK8_reverse,14417.88494,15.46340001,932.387763
NHFRBO,76271.50746,95.63779996,797.503785
NMNAT,9306.715666,24.52799998,379.432309
NMNDA,23640.84149,17.582,1344.604794
NNAM,11380.49961,23.36199999,487.137215
NNATr,15120,24.52800001,616.438356
NNATr_reverse,41349.30422,24.528,1685.800074
NNDMBRT,31557.09164,36.98699998,853.19414
NNDPR,1656,32.76210026,50.54621
NO3R1bpp,174653.5775,189.2373001,922.934207
NO3R1pp,401469.1895,250.5020001,1602.658619
NO3R2bpp,22948.30134,132.4390999,173.274368
NO3R2pp,1547926.092,250.502,6179.296341
NODOx,34540.48398,43.86769997,787.378504
NODOy,18721.97778,43.86770001,426.782753
NTD1,18381.74158,20.255,907.516247
NTD10,9327.137796,26.90040002,346.728591
NTD10pp,16669.85067,26.10349999,638.60596
NTD11,9325.752358,25.39900001,367.17006
NTD11pp,16148.02293,26.10350002,618.61524
NTD12,9521.232462,20.25499999,470.068253
NTD12pp,17007.54339,26.10350001,651.542643
NTD1pp,18062.0881,26.10349999,691.941238
NTD2,9722.766341,25.30060002,384.289951
NTD2pp,28742.74164,26.1035,1101.106811
NTD3,11259.28806,20.25499999,555.876972
NTD3pp,17056.30725,26.1035,653.41074
NTD4,25068.67115,26.90040001,931.907003
NTD4pp,16503.42699,26.10350002,632.230428
NTD5,10199.23647,20.25500001,503.541667
NTD5pp,18932.08788,26.10350001,725.270093
NTD6,14096.05511,20.25500001,695.929652
NTD6pp,18118.8497,26.1035,694.11572
NTD7,9716.829343,20.25499999,479.724974
NTD7pp,16283.31909,26.10350001,623.798306
NTD8,9939.384184,20.25500001,490.712623
NTD8pp,15863.73439,26.10349999,607.72442
NTD9,9725.196348,20.25500001,480.138057
NTD9pp,17969.26403,26.10349999,688.385237
NTP1,27027.32662,39.19329997,689.590482
NTP10,10200.0983,18.21269998,560.054155
NTP11,10027.83356,18.2127,550.595659
NTP12,9852.661984,18.21269999,540.977559
NTP3,24885.86102,31.56499999,788.400476
NTP3pp,9514.245618,47.05680009,202.186413
NTP5,30671.51304,39.19329999,782.570313
NTPP1,29218.07367,14.9271,1957.384467
NTPP10,25719.40426,21.03880001,1222.474868
NTPP11,9764.884213,21.0388,464.136938
NTPP2,10172.32877,14.9271,681.467182
NTPP3,50618.48846,15.0461,3364.226508
NTPP4,9555.079144,15.0461,635.053545
NTPP5,21294.56777,17.3058,1230.487338
NTPP6,10261.67914,30.41230004,337.418713
NTPP7,9517.851461,16.3707,581.395509
NTPP8,9521.20381,21.51500002,442.537941
NTPP9,219466.3262,21.0388,10431.50399
NTPTP1,28199.90188,59.38289994,474.882532
NTPTP2,58754.90664,59.38289999,989.424677
NTRIR2x,194253.4062,105.4053,1842.918774
NTRIR3pp,1003797.469,134.0271,7489.511218
NTRIR4pp,752249.2273,134.0271,5612.665105
O16A4Lpp,21752.96452,46.87769996,464.036515
O16AP1pp,18394.40465,81.19899993,226.534867
O16AP2pp,12811.16978,81.19899994,157.77497
O16AP3pp,16964.83849,81.19900016,208.929155
O16AT,23247.17566,21.67509999,1072.529108
O16AUNDtpp,56567.01265,45.38259999,1246.447155
O16GALFT,22063.75587,37.75720002,584.3589
O16GLCT1,28037.51536,43.18820002,649.193885
OAADC,17454.56417,22.284,783.277875
OBTFL,21920.42484,113.5614998,193.026905
OCBT,45832.3358,36.82710001,1244.527421
OCBT_reverse,19557.83972,36.82709997,531.071948
OCTDPS,1080,35.21700047,30.667007
OCTNLL,22382.26906,37.92590003,590.157888
OGMEACPD,0.0792,17.03225806,0.00465
OGMEACPR,0.1224,25.55857173,0.004789
OGMEACPS,0.2448,33.51588171,0.007304
OHPBAT,3.6,39.78340148,0.09049
OHPBAT_reverse,20025.08515,39.78330002,503.354049
OHPHM,24071.53907,26.5554,906.46494
OMBZLM,37665.374,28.07320001,1341.684382
OMMBLHXy,21532.4983,42.95349997,501.297876
OMPDC,86400,26.3502,3278.912494
OMPHHXy,15108.67816,42.28830003,357.277974
OP4ENH,26173.1843,28.88990001,905.963132
OPHBDC,9504.978952,55.60379994,170.941176
OPHHXy,9301.138592,44.24499999,210.218976
OPMEACPD,0.0792,17.03225806,0.00465
OPMEACPR,0.1224,25.55857173,0.004789
OPMEACPS,0.0864,42.6035503,0.002028
ORNDC,35745.33522,79.41619992,450.101305
ORPT,11843.91592,23.56700001,502.563581
ORPT_reverse,17956.83112,23.56700002,761.94811
OXCDC,11287.64711,60.58119995,186.322607
OXCOAHDH,73883.66933,73.0026,1012.069013
OXDHCOAT,25910.35692,70.68120001,366.580603
P5CD,176721.467,143.8152,1228.809382
P5CR,115200,28.1449,4093.103902
PACCOAE,22170.16111,131.9629998,168.002858
PACCOAL,21124.09373,48.95290001,431.51874
PACOAT,9300.979224,14.851,626.286393
PAI2I,9678.496108,11.255,859.928575
PAI2T,9523.524841,31.89299999,298.608624
PANTS,72,31.59769811,2.278647
PAPA120,36805.00327,29.0213,1268.206568
PAPA120pp,15536.05477,29.02129999,535.332834
PAPA140,33006.15625,29.0213,1137.307986
PAPA140pp,9492.458216,29.02130004,327.085906
PAPA141,9542.900549,29.02129996,328.824021
PAPA141pp,17942.63231,29.02129998,618.25736
PAPA160,16190.81334,29.02129998,557.894145
PAPA160pp,9448.303558,29.02130004,325.564449
PAPA161,17767.63809,29.0213,612.227505
PAPA161pp,14822.92706,29.02130001,510.760271
PAPA180,15173.4659,29.02129999,522.838946
PAPA180pp,16282.17018,29.02130002,561.042068
PAPA181,19467.0968,29.02129999,670.786519
PAPA181pp,9300.075757,29.02130004,320.456897
PAPPT3,252000,39.8748,6319.780914
PAPSR,32950.32997,39.78240002,828.264005
PAPSR2,25460.24801,37.11329998,686.014125
PCNO,20632.68563,34.72399997,594.190924
PCNO_reverse,18766.78821,34.72400001,540.455829
PDE1,123619.6494,30.938,3995.72207
PDE4,64875.80671,90.26039997,718.762677
PDX5POi,108,25.54520081,4.2278
PDX5PS,9443.526638,61.49809989,153.558023
PDXPP,22698.00031,30.20130002,751.557062
PEAMNOpp,25099.97591,84.37870013,297.468151
PERD,72,41.36758953,1.740493
PERD_reverse,29134.95894,41.36760002,704.294156
PETNT161pp,23599.62422,63.80439992,369.874558
PETNT181pp,70069.97275,63.8044,1098.199697
PFK,1000800,32.456,30835.5928
PFK_2,28729.97065,34.842,824.578688
PFK_3,208800,34.842,5992.76735
PGAMT,36035.4739,47.54360002,757.945841
PGAMT_reverse,14400,47.54359998,302.879883
PGCD,72000,44.17580001,1629.851638
PGL,662400,36.3076,18244.11418
PGLYCP,10590.84588,27.38919998,386.679636
PGM,164087.7094,28.5564,5746.092274
PGM_reverse,242966.3202,28.5564,8508.296571
PGMT,111558.8515,20.7798,5368.620078
PGMT_reverse,29407.45925,20.7798,1415.194528
PGPP120,9300.055518,19.41810001,478.937461
PGPP120pp,39502.05577,19.4181,2034.29047
PGPP140,9921.214537,19.41810001,510.926122
PGPP140pp,9509.043636,19.41810002,489.700003
PGPP141,9300.062779,19.41810001,478.937835
PGPP141pp,17501.08267,19.41810001,901.276781
PGPP160,9509.750323,19.41809998,489.736397
PGPP160pp,9538.650497,19.41809999,491.224708
PGPP161,9547.694856,19.41810001,491.690477
PGPP161pp,9508.609454,19.41809999,489.677644
PGPP180,17375.97622,19.41810001,894.834006
PGPP180pp,9522.983344,19.41810001,490.417875
PGPP181,17233.97969,19.4181,887.52142
PGPP181pp,9508.83052,19.41810001,489.689028
PGSA120,9537.672938,20.70059999,460.743792
PGSA140,9537.624374,20.70059999,460.741446
PGSA141,18750.23108,20.7006,905.78201
PGSA160,10557.80693,20.70059999,510.024199
PGSA161,23465.32539,20.7006,1133.557742
PGSA180,21211.67154,20.7006,1024.688731
PGSA181,9766.998331,20.70060001,471.821992
PHDA,32025.20046,51.02499997,627.637442
PHETA1,163144.9555,34.0936,4785.207649
PHETA1_reverse,31007.86386,34.09360001,909.492217
PHYTSpp,38198.7126,47.05680002,811.757548
PLIPA1A120pp,9300.040452,33.16309998,280.433387
PLIPA1A140pp,9300.04132,33.1631,280.433413
PLIPA1A141pp,9300.070328,33.16309997,280.434288
PLIPA1A160pp,12745.09621,33.1631,384.315586
PLIPA1A161pp,21566.39233,33.1631,650.312918
PLIPA1A180pp,12246.46773,33.16309996,369.279945
PLIPA1A181pp,9331.086136,33.16310004,281.369538
PLIPA1E120pp,9300.055576,33.16309999,280.433843
PLIPA1E140pp,9300.046259,33.1631,280.433562
PLIPA1E141pp,9300.040567,33.16310004,280.43339
PLIPA1E160pp,9319.15782,33.16309999,281.009852
PLIPA1E161pp,12158.28134,33.16310004,366.620772
PLIPA1E180pp,11091.56683,33.16309999,334.455067
PLIPA1E181pp,9300.044405,33.16310001,280.433506
PLIPA1G120pp,9300.04673,33.16310002,280.433576
PLIPA1G140pp,9331.088461,33.16310005,281.369608
PLIPA1G141pp,9300.055363,33.16310006,280.433836
PLIPA1G160pp,9331.083133,33.16309997,281.369448
PLIPA1G161pp,9331.310401,33.16309998,281.376301
PLIPA1G180pp,10731.71028,33.16309998,323.603954
PLIPA1G181pp,9331.151328,33.16310001,281.371504
PLIPA2A120pp,9319.130597,33.1631,281.009031
PLIPA2A140pp,9319.145036,33.16310005,281.009466
PLIPA2A141pp,9319.146347,33.16309999,281.009506
PLIPA2A160pp,14809.58551,33.1631,446.568189
PLIPA2A161pp,9331.848079,33.16309999,281.392514
PLIPA2A180pp,9300.042994,33.16309994,280.433464
PLIPA2A181pp,12083.64247,33.16310002,364.370112
PLIPA2E120pp,10490.57744,33.1631,316.332835
PLIPA2E140pp,9652.145285,33.16309997,291.050755
PLIPA2E141pp,11806.14603,33.16309996,356.002486
PLIPA2E160pp,9379.556975,33.16309998,282.831128
PLIPA2E161pp,9331.080116,33.16309997,281.369357
PLIPA2E180pp,9300.046288,33.16309998,280.433563
PLIPA2E181pp,9300.059374,33.16310005,280.433957
PLIPA2G120pp,9331.096327,33.16309995,281.369846
PLIPA2G140pp,9300.054092,33.16310002,280.433798
PLIPA2G141pp,9300.051727,33.16309998,280.433727
PLIPA2G160pp,9331.087626,33.16310003,281.369583
PLIPA2G161pp,11859.91282,33.16310002,357.623769
PLIPA2G180pp,11670.73496,33.16309997,351.919301
PLIPA2G181pp,9300.262651,33.16310001,280.440087
PMANM,28985.11675,50.46260003,574.388096
PMANM_reverse,15462.38488,50.46259995,306.412767
PMDPHT,9471.620437,27.12200002,349.222787
PMEACPE,14.4,28.50497352,0.505175
PMPK,1800,28.63359984,62.86321
PNSPA,20269.59981,13.241,1530.820921
PNTK,972,36.35980043,26.73282
POAACR,17716.71901,13.7629,1287.280952
POR5,16213.79769,148.5245997,109.165739
POR5_reverse,52980.56892,148.5246001,356.712416
PPA,303342.6722,19.7036,15395.29184
PPA2,9737.917049,26.90040003,361.998968
PPAKr,12000.38922,43.3841,276.608002
PPAKr_reverse,9938.898806,43.38409991,229.090815
PPBNGS,864,35.62479961,24.252768
PPCDC,540,43.43809986,12.431483
PPCK,97061.54587,59.64349999,1627.361672
PPCSCT,15747.6871,53.82439992,292.575247
PPDOy,27609.90566,37.978,726.997358
PPGPPDP,90720.84686,79.34240001,1143.409411
PPK,29958.53743,80.43150006,372.472693
PPK2,39038.03057,80.43150003,485.357485
PPM,158919.1397,44.37,3581.679957
PPM_reverse,32423.2523,44.37000002,730.747178
PPM2,146884.0402,44.36999999,3310.435885
PPM2_reverse,26740.7499,44.36999997,602.676356
PPNCL2,540,43.43809986,12.431483
PPND,79200,42.04250001,1883.808051
PPNDH,43200,43.11139999,1002.055141
PPPGO,9913.181558,21.22630001,467.02353
PPPGO3,432,21.22630037,20.35211
PPPNDO,20380.61275,126.9953996,160.483079
PPS,370888.9427,87.43509999,4241.877035
PPTHpp,6160798.267,49.4386,124615.1442
PRAGSr,72000,45.94039999,1567.248
PRAGSr_reverse,17654.10147,45.94040004,384.282711
PRAIi,18000,49.49230001,363.692938
PRAIS,36000,36.85400002,976.827481
PRAMPC,79200,22.7558,3480.431363
PRASCSi,12600,26.99500002,466.753102
PRATPP,79200,22.7558,3480.431363
PRCPD,35200.69678,27.848,1264.029617
PRFGS,50400,141.4026999,356.428838
PRMICI,36000,26.0326,1382.881464
PRMICI_reverse,38487.18989,26.03260001,1478.422819
PROD3,61607.80649,143.8152,428.381746
PRPPS,28800,34.2183,841.654904
PRPPS_reverse,9727.446006,34.21830001,284.276133
PSCVT,75600,46.0958,1640.062652
PSCVT_reverse,43650.2925,46.09579998,946.947282
PSD120,38651.46836,35.93439999,1075.611903
PSD140,23485.34589,35.93439999,653.561654
PSD141,26441.03704,35.93439999,735.814068
PSD160,24120,35.93439998,671.223118
PSD161,28440,35.93439998,791.442184
PSD180,11039.19848,35.93439995,307.204197
PSD181,18069.53214,35.93439998,502.847749
PSERT,29880,39.78329999,751.068916
PSP_L,5331600,35.0427,152145.8107
PSP_Lpp,23226.39009,26.10350001,889.780684
PSSA120,21806.89222,52.8018,412.995243
PSSA140,18624.88315,52.80180001,352.731974
PSSA141,10725.55609,52.80180004,203.128607
PSSA160,54000,52.80180001,1022.692408
PSSA161,64800,52.80179999,1227.23089
PSSA180,22589.43123,52.80180004,427.815552
PSSA181,18305.1176,52.80179997,346.676015
PSURIK,18771.63941,33.57300003,559.129044
PTA2,89932.12319,77.1721,1165.34503
PTHRpp,21548.48395,26.10350001,825.501712
PTPATi,1980,17.83660004,111.007703
PTRCTA,36125.7943,49.6614,727.442124
PUACGAMS,21535.02252,66.84800006,322.149092
PUACGAMS_reverse,82566.7816,66.84800002,1235.142137
PUNP1,17754.49068,25.9499,684.183395
PUNP1_reverse,36,25.9498922,1.387289
PUNP2,16381.18715,25.9499,631.262053
PUNP2_reverse,9843.444108,25.94990001,379.324934
PUNP3,16041.29791,25.94990001,618.164151
PUNP3_reverse,9803.384518,25.9499,377.781206
PUNP4,15875.68535,25.94989999,611.78214
PUNP4_reverse,9382.349419,25.94990001,361.556284
PUNP5,18776.87584,25.94989999,723.581819
PUNP5_reverse,9894.50248,25.9499,381.292509
PUNP6,19606.60291,25.94990001,755.55601
PUNP6_reverse,9464.634994,25.94990001,364.727224
PUNP7,19138.3919,29.83459999,641.483107
PUNP7_reverse,32703.33227,29.8346,1096.154541
PYAM5PO,9300.846143,25.54519997,364.093691
PYDAMK,9300.695926,30.8474,301.50664
PYDXK,9301.044856,30.84740005,301.517951
PYDXNK,9300.850736,30.84739995,301.511659
PYDXPP,29369.90364,27.16299999,1081.246683
PYK2,27680.85888,51.35710002,538.987966
PYK3,45020.63808,51.35709998,876.619554
PYK4,23979.27789,51.35709995,466.912616
PYK6,23858.79456,51.35709999,464.566624
PYNP2r,44972.73011,27.1591,1655.899132
PYNP2r_reverse,10466.8948,27.15910003,385.391813
PYROX,22380.99194,59.96819999,373.214336
QMO2,24600.84318,11.5324,2133.193713
QMO3,33447.80076,11.5324,2900.333041
QUINDH,9439.253176,31.22779998,302.270835
QUINDHyi,9660.842064,31.22780002,309.36672
QULNS,1656,38.24080033,43.304533
R15BPK,17862.19588,20.72959999,861.675859
R5PP,9881.341639,20.7798,475.526311
R5PPpp,23570.47054,26.10349999,902.962076
RBFK,324,34.73430136,9.327955
RBFSa,36,16.15650266,2.228205
RBFSb,108,23.44489776,4.606546
RBK,59351.15383,32.2905,1838.037622
RBK_L1,26478.88451,61.08939994,433.444829
RBP4E,84320.75084,25.2777,3335.776231
RBP4E_reverse,22153.75973,25.27770001,876.415169
REPHACCOAI,19156.91578,28.40460002,674.430049
REPHACCOAI_reverse,10703.34754,28.40459998,376.817401
RHAT1,34002.42145,36.7305,925.72716
RHCCE,10.8,19.41618411,0.556237
RHMND,28119.95353,44.22599997,635.82403
RHMND_reverse,16526.48756,44.22600002,373.68262
RMI,34888.97517,47.19940001,739.182599
RMI_reverse,18114.75932,47.19940005,383.792152
RMK,33912.96639,54.06899999,627.216453
RMPA,25917.542,30.14550002,859.748287
RMPA_reverse,10127.96802,30.1455,335.969482
RNDR1,9882.90527,141.0991996,70.042249
RNDR1b,22837.66644,126.0597,181.165483
RNDR2,10997.84578,141.0992,77.944069
RNDR2b,27735.00971,126.0596997,220.01488
RNDR3,12566.47479,141.0991999,89.061276
RNDR3b,19613.29221,126.0596996,155.587331
RNDR4,10859.48639,141.0991993,76.963487
RNDR4b,173713.9787,126.0597,1378.029447
RNTR1c2,49229.87641,99.72269993,493.667705
RNTR2c2,30111.14447,99.72269986,301.948749
RNTR3c2,34677.14107,99.72269993,347.735682
RNTR4c2,16403.76147,99.72269993,164.493756
RPNTPH,863642.4721,42.01,20558.02124
RU5PP,9743.191204,23.00700001,423.488121
RZ5PP,14207.16538,23.30850002,609.527227
S2FE2SR,21311.91823,189.3844998,112.532537
S2FE2SS,9300.815543,189.384499,49.110754
S2FE2SS2,25109.73651,189.3844998,132.586017
S2FE2ST,9301.245664,142.4505996,65.294535
S4FE4SR,74931.37607,129.1504001,580.186945
S4FE4ST,45270.43078,142.4506001,317.797403
S7PI,32534.6772,20.8148,1563.054999
SADH,62717.07204,49.29859999,1272.18769
SADT2,102441.8063,87.74680003,1167.470566
SARCOX,18240.21953,40.90199999,445.949331
SBTPD,16357.75901,27.8579,587.185646
SBTPD_reverse,43431.09995,27.8579,1559.022753
SCYSDS,30061.01064,60.23409995,499.069641
SDPDS,1540800,41.269,37335.5303
SDPTA,17299.46712,39.78329999,434.842437
SDPTA_reverse,27000,39.78330001,678.676731
SELNPS,91807.86884,36.68729999,2502.442776
SELR,13273.52372,233.0424988,56.957524
SEPHCHCS,24093.61572,61.36709996,392.61454
SERASr,58615.06414,141.9909999,412.808306
SERASr_reverse,133230.4814,141.9909999,938.302297
SERAT,136800,29.3166,4666.298275
SERAT_reverse,56837.93429,29.3166,1938.762827
SERD_D,27507.13332,47.90059998,574.254463
SERD_L,78829.0727,35.232,2237.428267
SFGTHi,65737.54739,31.2593,2102.975671
SGDS,76498.5343,35.80019999,2136.81863
SGSAD,28118.21406,53.02630002,530.269207
SHCHCS3,47273.15239,27.68239999,1707.697035
SHCHD2,1224,49.95139941,24.503818
SHCHF,1224,49.95139941,24.503818
SHGO,22357.77247,46.08200002,485.173657
SHK3Dr,46104.63948,29.4136,1567.459933
SHK3Dr_reverse,29504.42482,29.41360001,1003.087851
SHKK,61262.15929,19.1508,3198.934733
SHSL1,36000,41.55039999,866.417652
SOTA,24429.86623,43.66539997,559.478815
SPMDAT1,32401.65086,21.88700001,1480.406216
SPMDAT2,18678.29696,21.88699999,853.396855
SPMS,20729.78166,32.32140002,641.363977
SPODM,43146.08622,21.2658,2028.895514
SPODMpp,10789.89295,17.68100001,610.253546
SQGH,31386.49569,77.27500009,406.166233
SQVOSI,53182.41289,47.433,1121.211243
SSALx,21752.97002,49.7179,437.527933
SSALy,30829.92795,49.71790001,620.097147
SUCBZL,16127.31824,50.18469995,321.359264
SUCBZS,25537.98661,35.4766,719.8544
SUCDi,383163.8026,118.3584,3237.318201
SULR,71599.20646,130.268,549.630043
T2DECAI,9300.050359,18.969,490.276259
T2DECAI_reverse,17543.29767,18.96900001,924.840406
TAGURr,28666.34973,54.80829998,523.029354
TAGURr_reverse,48756.38965,54.80829999,889.580404
TALA,49937.71597,35.21920001,1417.911706
TALA_reverse,17007.88862,35.21919998,482.915246
TARTD,40271.4679,55.413,726.751266
TAUDO,9422.360968,32.40949997,290.728366
TDP,157841.5063,17.4329,9054.231155
TDPADGAT,27137.47252,24.2204,1120.43866
TDPAGTA,14344.14992,41.90099999,342.33431
TDPDRE,18583.91096,21.2701,873.710559
TDPDRR,14288.31244,32.69410002,437.030303
TDPGDH,24678.10401,39.75379999,620.773461
TDSK,26884.71438,35.58930001,755.415655
TEO2M,30564.75775,22.531,1356.564633
TGBPA,31362.76788,77.92060009,402.496488
TGBPA_reverse,11962.53261,77.92060015,153.52208
THD2pp,2171332.143,103.3465,21010.2146
THDPS,8640,29.8921,289.039579
THFAT,30546.82446,45.31660003,674.075823
THIORDXi,21554.20653,20.46960001,1052.98621
THRA,53168.68951,36.4947,1456.887973
THRA2,17869.47753,36.49470001,489.645826
THRD,74588.90951,37.239,2002.978316
THRD_L,57035.45056,35.232,1618.853615
THRS,14400,47.11379995,305.642933
THZPSN3,9779.036108,204.5598994,47.805245
TKT1,182904.1236,72.21169999,2532.887657
TKT1_reverse,21768.90264,72.21170008,301.459495
TKT2,324065.5255,72.2117,4487.714948
TKT2_reverse,149806.8491,72.2117,2074.550926
TMAOR1,100063.9026,144.0937999,694.435865
TMAOR1pp,26365.14013,129.2504,203.984979
TMAOR2,42205.22924,144.0938001,292.901077
TMAOR2pp,18727.86361,129.2503998,144.895982
TMDK1,9983.48333,23.45660003,425.615107
TMDPP,30479.00062,47.20710002,645.644418
TMDPP_reverse,12184.75745,47.20709993,258.112815
TMDS,26640,30.47969999,874.024351
TMK,9301.67635,32.39730003,287.112702
TMPK,828,35.07080066,23.609384
TMPPP,72,23.01529814,3.128354
TPRDCOAS,23356.11375,31.6444,738.080474
TRDR,36024.44087,46.42960001,775.893845
TRE6PH,31368.07446,63.83769997,491.372253
TRE6PP,9577.301641,29.17529996,328.267461
TRE6PS,26430.17295,53.61120003,492.997227
TREH,19724.51893,63.69670003,309.663121
TREHpp,42399.81511,63.63670001,666.279287
TRPAS2,23909.43164,52.77349994,453.057532
TRPAS2_reverse,18000,52.77350001,341.080277
TRPS1,10429.37243,71.7071998,145.443867
TRPS2,9309.205094,71.70719993,129.82246
TRPS3,35739.90722,71.70719998,498.414486
TRSARr,53910.27997,30.42739999,1771.767551
TRSARr_reverse,21843.31589,30.42739998,717.883089
TYRL,21.6,26.89611376,0.80309
TYROXDApp,12377.02951,84.37869985,146.684288
TYRPpp,9537.079284,26.10350003,365.356342
TYRTA,69547.95976,34.0936,2039.912469
TYRTA_reverse,24103.01587,34.09359998,706.965996
U23GAAT,129600,36.0385,3596.154113
UAAGDS,28800,53.3436,539.89607
UACGALPpp,13846.87087,60.82399999,227.654723
UACGAMPpp,11672.57338,60.82399997,191.907362
UACMAMO,34516.73316,45.83869999,753.00419
UAG2E,57209.15714,42.24459999,1354.235977
UAG2E_reverse,64758.73007,42.24459999,1532.946935
UAGAAT,17547.89693,36.71949997,477.890411
UAGAAT_reverse,9875.081682,36.71949995,268.932902
UAGCVT,11880,44.81760001,265.074435
UAGDP,57600,49.19009999,1170.967329
UAGPT3,61200,37.8147,1618.418234
UAMAGS,104400,46.97359999,2222.524993
UAMAS,50400,53.62599998,939.842614
UAPGR,154800,37.851,4089.720219
UDCPDP,15096.38615,22.39859998,673.987935
UDCPDPpp,22302.93351,22.39859999,995.728908
UDCPDPS,504,28.4440993,17.718965
UDPG4E,13617.81289,37.26510002,365.430735
UDPG4E_reverse,59585.79647,37.2651,1598.970524
UDPGALM,651626.1936,42.9659,15166.12462
UDPGALPpp,15095.45394,60.82399991,248.182526
UDPGD,49328.26859,43.65689999,1129.907726
UDPGDC,10429.01417,74.28890001,140.384555
UDPGPpp,13977.35334,60.82400011,229.799969
UDPGPT,67455.14386,52.40799998,1287.1154
UDPGPT_reverse,46403.30621,52.40799997,885.4241
UDPKAAT,10842.16108,41.64980005,260.317242
UDPKAAT_reverse,44134.30026,41.64980002,1059.652153
UGCIAMH,257942.8563,28.73,8978.171121
UGLCURPpp,14359.62176,60.82400003,236.084798
UGLT,67891.37389,39.64570001,1712.452394
UGLT_reverse,10608.99987,39.64570006,267.595221
UGLYCH,91417.25945,18.1696,5031.330324
UGMDDS,57600,47.44719999,1213.981015
UHGADA,75600,33.9559,2226.417206
ULA4NFT,14287.53528,74.28889998,192.323958
ULA4Ntppi,36865.93205,26.27709999,1402.968062
UM3PL,9421.28154,49.87410006,188.901284
UM4PCP,9321.330906,33.56749998,277.689161
UM4PL,9308.520536,49.87410005,186.640371
UMPK,42025.02012,24.74630001,1698.234488
UMPK_reverse,27813.81124,24.74630001,1123.958379
UPLA4FNF,772257.6065,33.1118,23322.73107
UPLA4FNT,32384.40508,36.33910001,891.172458
UPP3MT,9455.38735,49.95139989,189.291739
UPP3S,3600,27.79789994,129.506186
UPPDC1,2916,39.24810008,74.29659
UPPRT,10152.73567,22.5333,450.565859
URACPAH,23399.76966,25.20869999,928.241824
URDGLYCD,10345.53972,37.96709995,272.486962
URIH,12358.14336,32.56080001,379.540532
URIK1,19423.5383,24.35310001,797.579704
URIK2,9433.623334,24.35310001,387.36848
USHD,20475.11943,26.8942,761.321007
VALTA,9473.113026,34.0936,277.85605
VALTA_reverse,31680,34.09359999,929.206655
VPAMTr,20916.2244,46.71119999,447.777501
VPAMTr_reverse,10207.799,46.71119999,218.53001
WCOS,78540.19837,44.06729999,1782.278433
X5PL3E,240986.0357,32.0066,7529.260706
XAND,65517.63512,129.7994,504.760693
XPPT,10439.90187,16.9706,615.175767
XTSNH,482024.5754,32.5608,14803.83085
XYHDL,174757.0033,88.07900001,1984.093862
XYLI1,23950.64821,49.74200003,481.497491
XYLI1_reverse,12143.93448,49.74199999,244.138444
XYLI2,37166.12269,49.74199998,747.177892
XYLI2_reverse,58957.93451,49.74199999,1185.274708
XYLK,24801.49779,52.61819997,471.348275
XYLK2,44532.4874,55.15480003,807.409099
YUMPS,17972.16522,32.91000001,546.100432
YUMPS_reverse,117059.4818,32.91,3556.957818
SERA,28540.16,44.18,646.06
ACONT,330983.27,93.4981,3539.999957
ACONT_reverse,330983.27,93.4981,3539.999957
